SUBS_ID,GA_CID,KEYWORD,FIRST_BILLED,BILLED
03e2c0a4030ca997462d00005c39a6e3,452421034.1546273480,ora_unlimitedvids,1,1
039eb198030cad66cdeb00005c39ab6a,609243893.1543482304,ora_unlimitedvids,1,6
0416d31c010ca76f83e100005c39c274,745106210.1547289187,ora_unlimitedvids,1,1
02489cf0030cabe04b6a00005c39cac7,100806945.1547109368,ora_unlimitedvids,1,1
0389b810010caf9fd9b800005c39d3ed,922647414.1547293669,ora_unlimitedvids,1,1
01b7ef0c020caa737ff400005c3a02fa,966639302.1547305702,ora_unlimitedvids,1,38
0510c250020ca70eea3f00005c3a0a6c,396246086.1547307541,ora_unlimitedvids,1,1
02937388010ca75953b000005c3a21ed,529722589.1547307840,ora_unlimitedvids,1,1
032b6274030cab2b528900005c3a28b4,412965396.1547315361,ora_unlimitedvids,1,1
0123e9b0020ca1a30bb200005c3a2acf,705771715.1544794570,ora_unlimitedvids,1,2
031a78c4020ca6478eda00005c3a37ae,122685178.1547319190,ora_unlimitedvids,1,20
04a6d32c030ca662a39600005c378c48,421627998.1546552564,ora_unlimitedvids,0,1
048080a0020cab03cf8d00005c3ab0c9,457223451.1547350197,ora_unlimitedvids,1,1
0354eba8020cac84c0a500005c3b0589,1502913788515.7704379235384393,ora_unlimitedvids,1,1
04bcc5ec010caebff8f800005c3b093d,671433862.1547372830,ora_unlimitedvids,1,37
05dccc4c020ca45ad60c00005c3b14bb,815353068.1529056799,ora_unlimitedvids,1,6
00c01318020cadfac04400005c3b6426,803903336.1547396125,ora_unlimitedvids,1,1
0320ccb0030caf8238f600005c3b6730,129772584.1544554808,ora_unlimitedvids,1,7
03cd2d98020cacd286bc00005c3ba55b,927564366.1547412800,ora_unlimitedvids,1,1
037b8358020ca14ff6fe00005c3672e8,344183960.1520955773,ora_unlimitedvids,0,3
00634160020ca9ec9c5e00005c43b6ab,918472133.1546776721,ora_unlimitedvids,1,8
01b4b670020ca17ad7d000005c346f2a,774460145.1546940187,ora_unlimitedvids,1,20
034fd168010ca456616800005c4464c0,300818472.1547986086,ora_unlimitedvids,1,13
01ce4a18010ca8877d3200005c446a04,388873026.1547987444,ora_unlimitedvids,1,4
013dd9ec010ca22d8a8500005c447bb2,511551180.1544620084,ora_unlimitedvids,1,2
0149aaec020cae6724e100005c44a896,522728597.1548003459,ora_unlimitedvids,1,1
0057e2d4010caaaa707800005c44fb40,786345781.1545626240,ora_unlimitedvids,1,8
05083608010ca682b1c100005c45a7cb,263300464.1547018294,ora_unlimitedvids,1,18
01ab23a8020ca0186d3e00005c45b7d2,1528229129151.6724974389411653,ora_unlimitedvids,1,18
059d6ffc030caa60428300005c3c99f2,219515884.1546608860,ora_unlimitedvids,1,6
0149f13c030ca329b51a00005c3ca10b,627165385.1547477234,ora_unlimitedvids,1,16
03dc9364010cab1fb29900005c45dda3,418887807.1548072408,ora_unlimitedvids,1,13
051f7534020ca836d67a00005c3ccd9d,695712694.1547488647,ora_unlimitedvids,1,36
03b00010010ca047dcef00005c3ce059,753482300.1547493436,ora_unlimitedvids,1,4
00b1d564010ca832ed0c00005c3cf7f0,424779968.1547499409,ora_unlimitedvids,1,8
04077840010ca7f3c9ee00005c464314,205549479.1548108504,ora_unlimitedvids,1,9
003a12cc020ca2ae10fe00005c4647e4,401749840.1548109784,ora_unlimitedvids,1,18
0491fe5c020ca39115ea00005c471986,597651451.1548163450,ora_unlimitedvids,1,1
02fc270c020ca35271ba00005c3dedde,509977903.1547562446,ora_unlimitedvids,1,8
035b6190020caa56c2d400005c481bfa,827608773.1548229611,ora_unlimitedvids,1,1
0327f6ac020cae138a0e00005c485f08,490326646.1548246778,ora_unlimitedvids,1,1
01490998010ca79c010f00005c3f6b10,946685915.1547660039,ora_unlimitedvids,1,36
052a5148030caa4f361600005c45636a,395742692.1548051268,ora_unlimitedvids,1,4
00b14cac030cab91b4e600005c4626f1,792919791.1548014631,ora_unlimitedvids,1,2
022bd55c010caeb33e4f00005c33dc2b,903996620.1546902560,ora_unlimitedvids,1,10
05085930030ca727f7ad00005c34862d,479878324.1544434429,ora_unlimitedvids,1,4
020c02e0010cac7ba7eb00005c3e1399,303173901.1547572105,ora_unlimitedvids,1,19
019261c4020ca0ddfcc200005c481893,325073013.1548228722,ora_unlimitedvids,1,18
0363d8c0030cae04138d00005c3f4f83,533709819.1547652979,ora_unlimitedvids,1,36
03e503f0030ca9ffc5eb00005c48933d,212569061.1548260139,ora_unlimitedvids,1,1
05b3e46c030ca6d183d500005c3e3bf9,644787600.1547570407,ora_unlimitedvids,1,7
0292cf14020cacefa2ea00005c8e0890,918029840.1552812156,ora_unlimitedvids,1,1
04241fcc030ca1d4b04a00005c725a8e,685172244.1550998148,ora_unlimitedvids,1,14
04c079f8030caecd10e800005c69432d,629315057.1545734231,ora_unlimitedvids,1,5
051424b8020cad24e35900005c7bbf00,793591580.1551613683,ora_unlimitedvids,1,9
02459780020ca6dd519700005c8e3911,656844209.1552751627,ora_unlimitedvids,1,1
0460e218010cabf5238700005c72cf0b,351249235.1551027968,ora_unlimitedvids,1,6
0059bab4030ca622149900005c6756a8,293309651.1546172558,ora_unlimitedvids,0,19
0540f880030cac45c2d900005c79d6b2,837128837.1551488678,ora_unlimitedvids,1,3
0376985c010ca639e73400005c863ae2,795987915.1550592327,ora_unlimitedvids,1,7
007689b4030ca976158d00005c7d815b,524302447.1551728965,ora_unlimitedvids,1,4
0028d714030ca68a64c000005c35c2b4,128955831.1546553026,ora_unlimitedvids,1,8
05a13984020ca7049e6200005c3a167b,681546480.1527244665,ora_unlimitedvids,1,7
04423cc8020cae10cb0500005c3a7f1a,824451380.1545848219,ora_unlimitedvids,1,1
0173a568030ca877c77c00005c3b7214,519932852.1547399659,ora_unlimitedvids,1,4
012dd8a8030ca8b4f32900005c443c23,279964706.1547975705,ora_unlimitedvids,1,6
009c8524020caafd82be00005c44a0d7,907485307.1548001472,ora_unlimitedvids,1,30
016d7c10020ca3e985d000005c44efe1,703140800.1548021716,ora_unlimitedvids,1,37
03124aa0030ca4faa9f900005c44f4d8,328677411.1548022974,ora_unlimitedvids,1,1
005374d8030ca94da3d600005c4516e7,1523147232891.83197292440007,ora_unlimitedvids,1,36
058891cc010cac417b5c00005c458796,264882605.1548060555,ora_unlimitedvids,1,35
0502bcdc020caaa3fbab00005c3c5df1,868546892.1541580437,ora_unlimitedvids,1,7
04e06b50030caa637cfe00005c3ca7af,764539985.1547478859,ora_unlimitedvids,1,36
022c4384020ca4e3de7a00005c45e538,349592626.1548084523,ora_unlimitedvids,1,4
039a7e98020ca3cdc87c00005c45fd45,281960602.1548090649,ora_unlimitedvids,1,8
0513da1c030ca4fe8efc00005c46001c,729905917.1548091396,ora_unlimitedvids,1,1
0157bb50010cae12562600005c3cc891,689132458.1547487350,ora_unlimitedvids,1,10
010c59a8030ca3b8a65100005c3d5f97,657668868.1547506632,ora_unlimitedvids,1,36
05c58cbc020ca0bdf0c200005c46a7b2,573621083.1548134090,ora_unlimitedvids,1,10
02dd4918030ca3b62e0100005c46e9de,401848291.1548151215,ora_unlimitedvids,1,7
01c09008030ca41aee4500005c470e01,474534715.1548160340,ora_unlimitedvids,1,30
02ab02c8020ca5c8c61100005c3dfa90,961174546.1547565695,ora_unlimitedvids,1,5
04a20068030ca80f1d1000005c47893e,462934042.1548192050,ora_unlimitedvids,1,18
05c40a68010ca10c5cb100005c3ee9a4,738810494.1547626896,ora_unlimitedvids,1,10
050758f0020ca968bcfc00005c35b66d,455534731.1547023851,ora_unlimitedvids,1,3
047b2c90030caff5c81300005c45f9c9,1508407119248.013219946340592204,ora_unlimitedvids,1,34
033692e8020ca6b3c59400005c462e9d,811154574.1548103291,ora_unlimitedvids,1,4
04ecebb4010cacea25c600005c465ebd,816372560.1548115602,ora_unlimitedvids,1,1
04f02450010ca28cbc1900005c46a29e,404143313.1548098226,ora_unlimitedvids,1,5
055b4b90010ca75bedb600005c470999,550327920.1545852455,ora_unlimitedvids,1,14
013ea4a8010cafa1f14900005c473fb5,591872614.1548172766,ora_unlimitedvids,1,16
046fbf2c010caafea70700005c473fdd,866513278.1548173203,ora_unlimitedvids,1,11
03828e78010cab5bc4ae00005c476a39,477092279.1541529677,ora_unlimitedvids,1,3
02803110010ca36eb5d500005c34fd86,614058138.1546976629,ora_unlimitedvids,1,7
03f33ee8010cac6e4ea900005c479d2f,528002984.1516801542,ora_unlimitedvids,0,11
04a01f8c030ca122722100005c488302,351086511.1548255986,ora_unlimitedvids,1,1
0522cea0020ca38e1f3000005c48947c,702668786.1548260469,ora_unlimitedvids,1,33
05771d70010ca9fec75300005c48bac0,695047136.1548270260,ora_unlimitedvids,1,4
037da82c020ca7b1a0c300005c48c424,163888041.1548263083,ora_unlimitedvids,1,1
020d8d68030cac5bb33600005c45f731,679742994.1548089074,ora_unlimitedvids,1,35
039d52d0020ca267e4e100005c3cf7ed,833279359.1547499454,ora_unlimitedvids,1,19
05428b3c020ca59a060f00005c3f4605,899340392.1545820890,ora_unlimitedvids,1,6
02926984010ca946693800005c8e1a85,271018888.1552816670,ora_unlimitedvids,1,1
01f4f80c020ca903099300005c8e2e55,405796361.1539881797,ora_unlimitedvids,1,5
0150ccb4020ca981490e00005c694591,660197709.1550402947,ora_unlimitedvids,1,7
03ff7578020ca0dc8c0800005c85082b,738491794.1549383397,ora_unlimitedvids,1,8
0070a774030cac8185fe00005c72932a,592032812.1551012632,ora_unlimitedvids,1,7
00636294030cac575a0e00005c850b1f,342741339.1552222997,ora_unlimitedvids,1,30
04422f80010ca925fd7400005c850c16,136485663.1552223215,ora_unlimitedvids,1,12
04891454010ca2f2c6d200005c4da843,745036797.1548593188,ora_unlimitedvids,1,36
01826594020ca795978200005c6025cf,143839199.1549804965,ora_unlimitedvids,1,7
03c6f2ac010cae18732800005c8e5295,1523126332751.12065914033818426,ora_unlimitedvids,1,8
02e08ab0030ca3d239cb00005c696d85,415730216.1513944416,ora_unlimitedvids,1,7
05d48cf8020ca4fa422300005c853194,757608853.1552232841,ora_unlimitedvids,1,30
0470426c010cadeff38000005c7bf94f,576727311.1551628614,ora_unlimitedvids,1,31
02117f2c010ca1feb12500005c7c0275,430726054.1551630912,ora_unlimitedvids,1,12
045fb67c030cab00499e00005c7c1ae3,151955702.1544036889,ora_unlimitedvids,1,3
00086a4c030cadbda06300005c8e93d3,1492261030031.7791390422812421,ora_unlimitedvids,1,1
0268b364030caed8d1e900005c574474,826162061.1549223019,ora_unlimitedvids,1,8
00c7fd44010cacb3e0f600005c7c362f,408652218.1551642982,ora_unlimitedvids,1,3
02215834030cadbd34cc00005c3927ea,781295862.1547249629,ora_unlimitedvids,1,21
03d95230010cac31a56200005c48e26b,252854607.1548280417,ora_unlimitedvids,0,2
029313d4020ca4d34b7d00005c61d545,726102643.1546670299,ora_unlimitedvids,1,5
0238fee4020ca60c25a500005c7113d5,1520549876579.2677295755274791,ora_unlimitedvids,1,9
03baf45c020cab7485d800005c78ce52,337769047.1516864381,ora_unlimitedvids,1,16
02b8cc14030ca3844bea00005c7b7cd5,638540166.1551596743,ora_unlimitedvids,1,4
03a4e5e0010ca36f764a00005c8f57e3,522030025.1552897407,ora_unlimitedvids,1,22
04ddee98010ca9e36bef00005c73bad8,284745717.1551088330,ora_unlimitedvids,1,26
04b29874020cabbabec800005c7d3991,869063031.1551710586,ora_unlimitedvids,1,5
02450b44020ca620689b00005c74514a,309753147.1551126826,ora_unlimitedvids,1,21
0022bfb4020cae0e175b00005c457016,733042522.1548054530,ora_unlimitedvids,0,2
057781d4030ca53978dd00005c7d4a46,1496774353030.01211323517109486,ora_unlimitedvids,1,16
0515eb68020ca69e026600005c868e0f,347649093.1551040291,ora_unlimitedvids,1,10
01c6daf8020ca9ee159d00005c905763,901263503.1552963417,ora_unlimitedvids,1,13
03d8b1a4020ca554626c00005c3b1cfe,571175937.1532621465,ora_unlimitedvids,1,38
01e46578020ca6c9372000005c44aab0,601284066.1527937832,ora_unlimitedvids,1,1
0510b184030ca63d1fe000005c3cfd4a,400100828.1546969170,ora_unlimitedvids,1,4
00dd322c010cadfd6e5a00005c44fe91,391646679.1548025475,ora_unlimitedvids,0,8
0376c160030ca916545d00005c472dfb,437687493.1531863985,ora_unlimitedvids,1,7
031e9008020cad4a020900005c3ef047,294621081.1547621127,ora_unlimitedvids,1,34
03730d54010ca9c3e30300005c3f6de8,1517834854567.6843176022033164,ora_unlimitedvids,1,6
05a71cf0010cadb44c5c00005c489ceb,542234916.1548262622,ora_unlimitedvids,1,1
01a710b0020ca554da5f00005c3f7f50,189223049.1547665209,ora_unlimitedvids,1,30
04f3ac9c010caa1b084d00005c34a4d1,368086713.1546953919,ora_unlimitedvids,1,37
050f40c4010ca4fc80ff00005c84eeb7,582515428.1552215713,ora_unlimitedvids,1,11
012d1300020ca8a20c9900005c84f871,899612086.1551733446,ora_unlimitedvids,1,8
01e7a968030ca746aa8800005c7bc0f8,713320888.1545242594,ora_unlimitedvids,1,8
055f0960020cab61928b00005c850c9b,856847007.1552223380,ora_unlimitedvids,1,5
048bfb4c010caa09f08600005c4da6f7,715119115.1548592834,ora_unlimitedvids,1,21
00275e84010cae92dca600005c7beead,953487041.1517403528,ora_unlimitedvids,1,31
022fc720020ca6ff68f100005c72c15d,988083596.1531658486,ora_unlimitedvids,1,17
00d89cbc010cad73f82300005c60624e,1450395570.1549816800,ora_unlimitedvids,1,11
012cfcbc030cacc15dcd00005c72dd51,439328490.1551031618,ora_unlimitedvids,1,31
040cdd1c010ca4be4aca00005c69bb4b,399123405.1550433035,ora_unlimitedvids,1,6
031544bc020ca6e0677e00005c68ef7b,935834339.1549523855,ora_unlimitedvids,1,12
003f8f18030ca8e650bb00005c77da3d,358233260.1551358514,ora_unlimitedvids,0,10
023869ac020ca239fe7500005c7b33e9,409986144.1551293990,ora_unlimitedvids,1,3
021f186c030ca69b6e9a00005c6f911a,725122861.1550815465,ora_unlimitedvids,1,6
04be77e8030ca38eb5f800005c8df3c0,551631816.1549573156,ora_unlimitedvids,0,21
05bb0954010caa1cb38200005c739ba8,801915830.1551080348,ora_unlimitedvids,1,12
0379c98c010ca94fd5ce00005c7cb270,704164527.1551676001,ora_unlimitedvids,1,10
015ea474010ca04b6b9b00005c7cd4a7,465614466.1540946981,ora_unlimitedvids,1,10
02853700010ca109d84e00005c861de5,701565408.1552293322,ora_unlimitedvids,1,4
04495594030ca878990200005c4ecc2e,794280830.1547121621,ora_unlimitedvids,1,26
052f53b4020caf0e3ddf00005c7cfdb3,981120765.1551695266,ora_unlimitedvids,1,17
001205ac020ca0c6306e00005c7d30cd,877000338.1551708332,ora_unlimitedvids,1,12
05a3ce10030ca4d4d97e00005c73f704,140121271.1551103737,ora_unlimitedvids,1,13
0199ec3c010ca9ba1f6300005c61bfac,524409367.1549909908,ora_unlimitedvids,1,11
011f8bb8020ca639a8e900005c744312,260717409.1551123172,ora_unlimitedvids,1,30
03ce75b8030ca74173e800005c8ffabf,143090021.1552939699,ora_unlimitedvids,1,1
036e6bc8010ca9c5c05600005c86cd7c,930041544.1552338284,ora_unlimitedvids,1,5
02d689c0020ca4af5a2500005c900b7d,422566825.1531568005,ora_unlimitedvids,1,9
02c7520c020cacb0e14700005c7d9775,394236554.1551734634,ora_unlimitedvids,1,29
009a5d30010ca165b13600005c7d9be2,608735163.1551735769,ora_unlimitedvids,1,6
032e66b8030ca27e09b200005c692b42,163591217.1550396205,ora_unlimitedvids,0,2
029872d4030cad26164300005c868af0,901134641.1552321245,ora_unlimitedvids,1,12
05d9bc50020ca7c10fb100005c61f4af,483282653.1547046777,ora_unlimitedvids,1,9
01238038030ca54e30ac00005c74cea6,978831725.1551158938,ora_unlimitedvids,1,30
057ab0ac030ca5499c1b00005c7e5186,240094378.1551782264,ora_unlimitedvids,1,13
04450930030cae05b7d700005c44c648,687250991.1548011068,ora_unlimitedvids,1,1
0248563c010cae6fc3fa00005c694115,472266278.1550401752,ora_unlimitedvids,1,33
00e54174020ca4ef02ce00005c4200ef,183458150.1547829453,ora_unlimitedvids,0,4
04e09134030cab75579a00005c752639,556843199.1551085442,ora_unlimitedvids,1,20
02cd2e0c020ca7dff22f00005c6bfaee,813121644.1550580449,ora_unlimitedvids,1,12
02cb72b0010ca0d0194400005c6c0d12,728606689.1550585091,ora_unlimitedvids,1,11
01097828010ca33d3d4d00005c754f0c,596155750.1551191808,ora_unlimitedvids,1,30
0402ce1c020caa5fdf0e00005c7556a6,766943290.1551193748,ora_unlimitedvids,1,13
019255a8020caf254b6800005c7e9b34,215317534.1551801127,ora_unlimitedvids,1,8
01006db4030ca273004b00005c87dac2,745918170.1552407219,ora_unlimitedvids,1,28
003b6af0030cae6632d000005c7eb07e,952868361.1530037298,ora_unlimitedvids,1,4
0565bc9c020ca21f5f9200005c758932,956665403.1551206696,ora_unlimitedvids,1,6
0170c000010ca994996e00005c880a85,374749116.1552419259,ora_unlimitedvids,1,7
01e92bbc030ca709670900005c6c8401,348868918.1547223713,ora_unlimitedvids,1,12
033684d8020ca144aa8a00005c6b367e,788700609.1550530159,ora_unlimitedvids,1,31
052f673c020caa59120c00005c7475bf,465086647.1551136136,ora_unlimitedvids,1,11
0486019c030cacc9684000005c58c985,823575697.1547317074,ora_unlimitedvids,1,7
023c52d8030ca086d65800005c374b91,896648577.1547127681,ora_unlimitedvids,1,19
0557f418010caaf32b4600005c5a9754,283152273.1549440795,ora_unlimitedvids,1,25
049a3450020cac0819ec00005c88c603,509135132.1545752880,ora_unlimitedvids,1,10
02c92dd4010cabf6794e00005c63f67d,818939166.1550055009,ora_unlimitedvids,1,32
02ed428c010caaded96100005c76b195,323084337.1551282549,ora_unlimitedvids,1,30
02ef69b8020cab382bcc00005c76b844,474357080.1551284279,ora_unlimitedvids,1,30
01213c24030cadc238b800005c7ff92a,471247308.1551890708,ora_unlimitedvids,1,13
022d4748030cae53b57300005c644df1,523750055.1550077373,ora_unlimitedvids,1,16
01f06a6c030caa16eb3200005c89422b,699572819.1551539431,ora_unlimitedvids,1,7
02383eb4020cad99574800005c76d2a4,767330269.1543868199,ora_unlimitedvids,1,4
04b308f4010ca70967d300005c895687,431754810.1552504447,ora_unlimitedvids,1,28
03e70e34010cace78dd200005c5b3231,433176986.1549473213,ora_unlimitedvids,1,13
03dc25a0030caa7360a400005c8022a7,504080436.1551901343,ora_unlimitedvids,1,30
01b30b18030ca0df422e00005c895e82,143573132.1552506480,ora_unlimitedvids,1,28
00a338c4010ca427ab5c00005c6475a4,925258067.1550087580,ora_unlimitedvids,1,12
057158e0020cad11d21000005c3f8fb5,626649584.1547669418,ora_unlimitedvids,1,31
02d5f744010cae16552600005cb6b1be,988709113.1555476880,ora_unlimitedvids,1,1
04e257e4020ca49c688500005c9b2e9f,766874529.1553673853,ora_unlimitedvids,1,7
024d2d4c020ca1ee515600005cadbb5c,702060433.1552941126,ora_unlimitedvids,1,24
00233b88020ca19ecf7500005ca48d95,572303427.1554288014,ora_unlimitedvids,1,8
0050fd98020ca0d36d2600005cadc9e6,871840100.1545606487,ora_unlimitedvids,1,8
03c71ae8010ca932687200005cade317,306850073.1554899718,ora_unlimitedvids,1,13
0370cfe4030ca193ae2c00005c9bc47d,278644038.1553712239,ora_unlimitedvids,1,7
026aa69c030cae19e4ca00005cae32be,701736626.1554920114,ora_unlimitedvids,1,2
02ce54f8030ca7f14c3300005c8e8753,424676052.1552844604,ora_unlimitedvids,1,1
021e4a90010caf475c9c00005c72ead3,177918230.1551035070,ora_unlimitedvids,1,32
04cbbcc8010ca67a05b500005c72eb71,833064170.1550428971,ora_unlimitedvids,1,32
02ede124030cac2c215d00005c69d51a,457982555.1550414976,ora_unlimitedvids,1,17
038c20dc020ca687a69e00005c4ccb4c,835589030.1547920294,ora_unlimitedvids,1,8
00edc8a8020ca2ab9d7300005c743ab5,782090702.1549290776,ora_unlimitedvids,0,24
00b29724020caea491d500005c75b1e5,214843798.1551118767,ora_unlimitedvids,0,1
025607b4010ca783495d00005c6ae84a,705609378.1550510092,ora_unlimitedvids,1,12
05e9dc0c010ca424122100005c61bc0a,125140063.1545771932,ora_unlimitedvids,1,7
00d32db8010ca742310700005c900345,593162303.1552941883,ora_unlimitedvids,1,26
051b60ac010ca3b56eb600005c86cfc8,682836576.1552338858,ora_unlimitedvids,1,11
04c44b50020caff5507f00005c6b2927,975317440.1550526716,ora_unlimitedvids,1,11
030c6ab8010ca09ab04c00005c6ad784,822628143.1550505780,ora_unlimitedvids,1,31
04bca328030cacf65cc200005c749f05,444829331.1548911948,ora_unlimitedvids,1,30
04ffd7d8010ca294611300005c6c0746,107496176.1550583613,ora_unlimitedvids,1,31
03b1e27c020ca8f0d22700005c7562a7,155529707.1551196825,ora_unlimitedvids,1,8
00431e08030caaf2f70c00005c75667c,921397257.1551197811,ora_unlimitedvids,1,30
01caf4f8030cae1d1a6900005c87e339,696780783.1483636982,ora_unlimitedvids,1,8
03791b54020cae2d5e0100005c91252f,884333893.1553016099,ora_unlimitedvids,1,1
005bccc8020ca97b5e9e00005c759a1c,961801187.1551210966,ora_unlimitedvids,1,10
028ffe60010ca894f61700005c75bb67,729282133.1550074709,ora_unlimitedvids,1,25
03a62d38010ca3d40fbc00005c883b41,518468566.1552431924,ora_unlimitedvids,1,6
03b70b30020ca388d4d700005c764e68,611459713.1551086118,ora_unlimitedvids,1,8
03872320030cac2c389a00005c88d98a,992358076.1552472448,ora_unlimitedvids,1,2
001c7dc0030ca462e33200005c7668f4,967678894.1541752990,ora_unlimitedvids,1,12
02b73c78030ca09f5a3100005c5abc5c,577391217.1549450323,ora_unlimitedvids,1,25
0181f640030ca9b91d3400005c64145b,230498394.1550062667,ora_unlimitedvids,1,32
04136948010ca2f2052100005c6d72f8,925110419.1550083454,ora_unlimitedvids,1,7
04cb05f8030ca291000500005c6445c7,323995503.1550075292,ora_unlimitedvids,1,32
008e4130020ca2e16bfd00005c76d40c,214945058.1551291396,ora_unlimitedvids,1,21
020f7b8c030cab724a0400005c76df43,110370272.1551294260,ora_unlimitedvids,1,13
0024af68010ca32cc71500005c52041e,684164395.1548878861,ora_unlimitedvids,1,8
018df9a4020cad55cad900005cb70703,927709122.1555498746,ora_unlimitedvids,1,1
013f4980030ca895102600005ca4a6c6,261947227.1552639065,ora_unlimitedvids,1,25
04fdc114010ca2198b6700005ca4cada,217936294.1554303677,ora_unlimitedvids,1,13
052b4120020ca4d4848d00005ca4dee6,930332238.1554290310,ora_unlimitedvids,1,25
0529dc7c030ca24d754d00005cae3a6a,1521636941113.004599339794367552,ora_unlimitedvids,1,7
0246af30030cabcfef3600005c75a528,163659956.1551213856,ora_unlimitedvids,1,30
04341ad0020ca21c9dfe00005c76ff03,879325533.1551302387,ora_unlimitedvids,1,7
0347c1bc010ca0b8641600005cb743cc,628888624.1544523215,ora_unlimitedvids,1,5
05117d08010ca58dd7cf00005cae5708,948634070.1554929395,ora_unlimitedvids,1,23
049a62cc020ca72c796100005c804c7e,791108518.1551912026,ora_unlimitedvids,1,30
0470219c020cafb9929100005ca530d1,239430912.1552814226,ora_unlimitedvids,1,6
03dece7c030cab16af1200005c7714cf,842400795.1551307973,ora_unlimitedvids,1,30
02384170020cae5d25eb00005cae6de8,880284891.1554935243,ora_unlimitedvids,1,11
03a3baa8030caa39738500005c78b62c,880385289.1544987883,ora_unlimitedvids,1,9
047e61a8020cac5de3c000005c42e938,513743971.1532340632,ora_unlimitedvids,1,14
04bc6b4c010ca035759000005cb7c27f,1524552845500.16084681190191996,ora_unlimitedvids,1,5
023a23dc030ca49eaa6700005c7827e9,920913633.1551378167,ora_unlimitedvids,0,5
00df857c020ca60e54da00005ca57db3,931473711.1554349476,ora_unlimitedvids,1,8
030b88f0020ca250c21200005ca5a2f2,303633182.1509031929,ora_unlimitedvids,1,7
0218f748030ca544df3700005c6e4a50,224587021.1550731786,ora_unlimitedvids,1,29
00f7fb98020ca964983500005ca5a7fd,498202440.1554360297,ora_unlimitedvids,1,25
00520d78030ca24e06ed00005c6e6bc7,982386527.1550740394,ora_unlimitedvids,1,19
05c5cdf8020caa2c232000005c65534b,128185689.1550144317,ora_unlimitedvids,1,12
00b0255c030cade4198300005c8a44f2,237424275.1552565275,ora_unlimitedvids,1,7
04432214020caee6c91d00005c77d282,117258121.1551356466,ora_unlimitedvids,1,31
04629d74020ca37c391c00005c658d66,129267761.1550159146,ora_unlimitedvids,1,10
048dcd50020caa5204eb00005ca62a5c,671540146.1554393667,ora_unlimitedvids,1,25
0401b2e8020ca4e4876000005ca62efb,381958325.1554394859,ora_unlimitedvids,1,11
02ed15a0020ca39d7b6b00005c9d090a,581788346.1547731604,ora_unlimitedvids,1,9
045dd474020ca6366fb300005c49f458,1496060101045.8653606847262167,ora_unlimitedvids,1,18
02586784020cad28a95a00005c65a7ca,469803069.1550165955,ora_unlimitedvids,1,32
05735258010caad91dc000005c815bf2,843314781.1551981533,ora_unlimitedvids,1,29
02d0e7f4020caef13ba400005caf83c2,466952763.1555006391,ora_unlimitedvids,1,7
05c9c278030ca040a0b700005cb8cb00,305961171.1555614439,ora_unlimitedvids,1,6
05a804f8010ca0133d8b00005ca654f4,149643919.1554231465,ora_unlimitedvids,1,4
0450d968020caaf6d53500005c379827,117015301.1542554013,ora_unlimitedvids,1,37
014ba400020ca4694ecb00005cb8d300,353183986.1555616498,ora_unlimitedvids,1,1
00686ec4020ca772063000005c9d34a1,367675749.1551474532,ora_unlimitedvids,1,14
00ab81dc020ca22d0d6800005c535ace,466274195.1548966326,ora_unlimitedvids,1,34
03691240030cab52159200005ca671fe,367556205.1554412003,ora_unlimitedvids,1,26
027556f0020ca2916a3100005cafb6a4,589689084.1555019410,ora_unlimitedvids,1,25
04be2130020caed07d4000005c81a244,399979391.1551999545,ora_unlimitedvids,1,30
01b3f898020caed19f9600005c770795,281517793.1551304587,ora_unlimitedvids,1,12
007020b0030ca885c35600005c352acc,725428026.1522577033,ora_unlimitedvids,1,38
055b5360030ca7c4ec8600005c660280,1498259280441.283933596217518,ora_unlimitedvids,1,15
03900238030cace3d7ca00005c539427,214492557.1548981266,ora_unlimitedvids,1,17
01684484010ca99198fa00005c70ed3b,636934880.1550828218,ora_unlimitedvids,0,1
05cabb4c030ca2bac28600005c5493a5,1488738937256.8515411512926221,ora_unlimitedvids,1,35
05724278010ca06a7a9f00005c71ace8,351517792.1550953672,ora_unlimitedvids,1,31
01e72560030cae441f8300005ce830ae,342038954.1558720672,ora_unlimitedvids,1,14
001907d0030cab5a1d9300005c797d90,836731988.1550270168,ora_unlimitedvids,1,27
0554ffd8020ca539ace700005ceaccb8,177291893.1558891691,ora_unlimitedvids,1,19
03571784020ca24362f900005cdbe310,495333701.1557424903,ora_unlimitedvids,0,5
03867740020ca02adbd000005cd96612,906769480.1557751177,ora_unlimitedvids,1,20
0040ecb4010caf44f03e00005d07df9c,410879602.1560169999,ora_unlimitedvids,1,17
003c729c020ca7fe106800005c9f58e1,333513830.1553946825,ora_unlimitedvids,1,27
00682040030ca3d938fb00005cde6d74,794856448.1558080867,ora_unlimitedvids,1,20
05192594020ca8b6990a00005cd9b287,783607130.1557696245,ora_unlimitedvids,1,19
01850ce0010ca1acd1f400005cc68401,661359141.1545404351,ora_unlimitedvids,1,23
04eac3c0010cabb3e33f00005cf50867,604508962.1559562297,ora_unlimitedvids,1,9
05e4000c020ca13c4a2000005d2c1b20,899254578.1563171574,ora_unlimitedvids,1,1
02ad7814030ca45e6ed800005cf42c7c,843604018.1559506030,ora_unlimitedvids,1,10
047e3200030ca88e348500005c6732a0,777068553.1550266635,ora_unlimitedvids,1,33
0338b758030cacc2b59b00005d05e4d9,260630281.1560667326,ora_unlimitedvids,1,9
00d1bb68010ca8a9628f00005cb30dee,639244137.1555238067,ora_unlimitedvids,1,19
04451de4010cae0c7cfa00005cc57b37,195659738.1556445974,ora_unlimitedvids,1,15
032ec4dc020cac52b2e600005d2a0ccb,880841382.1563036862,ora_unlimitedvids,1,11
01ee3b70010ca672e16000005cdfd697,772114794.1558173326,ora_unlimitedvids,1,20
0127dc3c020caa13f0b700005c83a9f2,1529160714255.459891656672095,ora_unlimitedvids,1,19
034e8ba0030cae9475f600005d063985,316361760.1560689001,ora_unlimitedvids,1,3
020fcd30030cade450a100005ce13c4a,415246239.1558264530,ora_unlimitedvids,1,20
022033a0030ca613260f00005d2bae8f,661468268.1557943526,ora_unlimitedvids,1,5
03296c80010ca5c4ab7400005c8cded6,980547597.1529786223,ora_unlimitedvids,1,29
0540d814010ca1d63a8700005c825e85,616605963.1552047737,ora_unlimitedvids,1,30
04168948010caede222800005d26f994,539830004.1562835330,ora_unlimitedvids,1,16
04dd02a8010caa8ffff300005ccfec87,462358489.1557130355,ora_unlimitedvids,0,4
0498d4c0030cae730a9900005ca7ab6f,809383019.1554492237,ora_unlimitedvids,1,26
05c7c5e0020cad855ecd00005cadbbd0,607953375.1554888850,ora_unlimitedvids,0,7
0006b148010ca533981200005d0bee24,846813368.1561062936,ora_unlimitedvids,1,17
009fab00030cadbc347200005d01297e,124966327.1559992706,ora_unlimitedvids,1,6
05c1da40010ca3f099b400005cb45b0f,886617589.1555323642,ora_unlimitedvids,1,14
04ade040020ca8ee288200005d263985,343716720.1562786162,ora_unlimitedvids,1,1
01161e0c010ca7974ab400005c7646d9,637158739.1551255246,ora_unlimitedvids,1,18
02a31900020ca51f065100005c86d307,422058508.1552339673,ora_unlimitedvids,1,4
04062d00030cadee5ed900005c88150f,971364262.1552422007,ora_unlimitedvids,1,10
04658d68020cac988a6600005c6c70fc,235277422.1550610656,ora_unlimitedvids,1,14
02f7036c020ca4b9b4ae00005c5b796b,620802463.1549498723,ora_unlimitedvids,1,22
00de0774030caac6a25a00005cadf693,350137457.1554904708,ora_unlimitedvids,0,2
0558a700030ca14c790000005c9c9503,186489805.1553765615,ora_unlimitedvids,1,16
032ae1f0020cae00c60400005caf0437,633084002.1554304570,ora_unlimitedvids,1,13
04fed98c020caf6975d200005ca5d0e5,800483079.1554370777,ora_unlimitedvids,1,11
03db4e64030caed6922b00005c8a6341,320892564.1552573233,ora_unlimitedvids,1,8
05a7934c010ca3e28d9c00005c40b739,240817114.1545984150,ora_unlimitedvids,1,36
02442850010ca9ceba0700005ca63ac3,479110021.1554331644,ora_unlimitedvids,1,7
01341010020ca064dfb300005ca661ca,201840805.1554407862,ora_unlimitedvids,1,8
01961e04020ca6212bc000005cb8e2a6,219290588.1555620503,ora_unlimitedvids,1,23
0270e124020ca2160f9300005c375282,253508077.1547129463,ora_unlimitedvids,1,20
0225f0c4030caa28d57200005c361f02,519112447.1547050732,ora_unlimitedvids,1,27
02bb3f08020ca1d6306100005c54b490,126151924.1549013140,ora_unlimitedvids,1,34
04399e24030ca2e01a6500005c5525d6,590513377.1549084104,ora_unlimitedvids,1,28
03e55dc8010ca91a78a300005d12729b,488965475.1561490063,ora_unlimitedvids,0,2
05c0132c030cae236a1b00005d11212a,546878581.1545035126,ora_unlimitedvids,1,15
05b7d504020cac4a896a00005cd9868d,1523365138650.6384771819320678,ora_unlimitedvids,1,13
04846af8020cac0ecdf600005c70663c,275818377.1539358520,ora_unlimitedvids,1,31
0275d580030cac7fd82e00005cedb2c4,997037244.1559081658,ora_unlimitedvids,0,15
02a0b160030cacff634f00005d274888,167595293.1562855452,ora_unlimitedvids,1,1
024e0618020ca4e678f400005cf91396,622637509.1559827330,ora_unlimitedvids,1,15
03adbd28020caf7d4d8200005ce67fbc,825584649.1558609843,ora_unlimitedvids,1,18
01ecabd4030cabb9414f00005cd865af,1530236032804.02293507191997679,ora_unlimitedvids,0,1
005e0074020ca7709a9200005cc8a4fc,818220821.1556653299,ora_unlimitedvids,0,3
04be0768020ca9f56de700005cf00c27,646361076.1519497369,ora_unlimitedvids,1,4
02867ad4020ca33c218400005ccd501c,1508601633877.6605585565679146,ora_unlimitedvids,1,13
044e33ac030cabb1407e00005c55db4a,373692032.1549130547,ora_unlimitedvids,1,16
01868e6c020ca3ba082e00005c436582,248012060.1547920758,ora_unlimitedvids,1,7
053335d8030ca203305200005c436771,649340189.1514579458,ora_unlimitedvids,1,37
01356320030ca1e8067a00005c55e2fa,451165159.1549132513,ora_unlimitedvids,1,4
04e2e7a4030ca10170d500005c5f36c1,133669930.1540755873,ora_unlimitedvids,1,1
03abf038010ca3c13dc800005c4cca6d,469666503.1548536417,ora_unlimitedvids,1,6
0488855c020ca0cc34ff00005c5f4c5a,120053971.1549749323,ora_unlimitedvids,1,2
059636c4010cae265b3a00005c4cd6b4,494957089.1548451482,ora_unlimitedvids,1,18
0198145c030ca98a0f2100005c4cd7c9,494414527.1541380818,ora_unlimitedvids,1,7
048bf37c030cae6fd4af00005c5f5cec,501044639.1549753572,ora_unlimitedvids,1,7
040bde6c020ca0b0b15900005c567204,949671429.1548963984,ora_unlimitedvids,1,7
017c2468030ca7804afc00005c5fb3fa,840740070.1549775848,ora_unlimitedvids,1,12
00384960010cad44dfa200005c56b356,227599155.1538820956,ora_unlimitedvids,1,4
018f3ea4010ca2cf6d0c00005c56dcec,926903506.1519762741,ora_unlimitedvids,1,2
044aff5c020ca085c8f000005c5704f9,371352373.1549206755,ora_unlimitedvids,1,4
020e1bfc030cae207a4100005c604869,235437510.1549813776,ora_unlimitedvids,1,1
01a559a0010ca3711b6800005c4dd41a,915947286.1547827163,ora_unlimitedvids,1,3
011085a0030caa202bc100005c4cffb8,846248125.1548549494,ora_unlimitedvids,0,6
0054b26c020cac8d0ebf00005c435044,399672999.1547915317,ora_unlimitedvids,1,6
053e2c18030cab41dfbc00005c58108d,659535452.1549275249,ora_unlimitedvids,1,2
00397e5c010ca502cc9300005c614ea9,372569453.1549880974,ora_unlimitedvids,1,1
03410908030ca5d50c9d00005c616b35,848349679.1549888284,ora_unlimitedvids,1,1
00995c8c030ca37bf69d00005c4f392a,926851719.1548695833,ora_unlimitedvids,1,3
01b95478030cab83c37400005c61b351,218858507.1544504170,ora_unlimitedvids,1,7
05ec3150010ca5c9242c00005c61f34f,479958525.1546680476,ora_unlimitedvids,1,1
02a50c38020ca26def0400005c506a36,857770613.1548773925,ora_unlimitedvids,0,1
0206c000020ca829c37b00005c594e8c,327672661.1549356653,ora_unlimitedvids,1,3
035aa868030ca6dda1c900005c630b28,770304817.1549994778,ora_unlimitedvids,1,1
0431ebd4010ca154b2b400005c459f8c,455997184.1547986532,ora_unlimitedvids,0,1
002fc6dc020ca0fbc72f00005c5a9e10,432959598.1546985485,ora_unlimitedvids,1,9
002d2ae4020caa11570400005c51726c,709987758.1512288657,ora_unlimitedvids,1,4
0545ad30020caa76d42500005c3735ca,613282446.1516020296,ora_unlimitedvids,1,13
02ff0e04020ca962b53600005c5c47e2,756013509.1549551559,ora_unlimitedvids,1,2
0445bf38020ca258fcb200005c6601f5,1492197405293.7506168991903814,ora_unlimitedvids,1,1
032d5930030ca23cb55900005c804b45,1485262774052.08270797745798064,ora_unlimitedvids,1,1
043f43d8010cae9ec94900005c616d7c,222660634.1549888875,ora_unlimitedvids,1,1
05541834030cab2dff1100005c627632,506116855.1539586889,ora_unlimitedvids,1,1
0577c180020ca8ae58b200005c629d9a,730342254.1549966736,ora_unlimitedvids,1,1
05d3020c010caba8943d00005c62bfe5,216376921.1549975507,ora_unlimitedvids,1,5
01efc080020caf200e4b00005c63002c,222905127.1549991968,ora_unlimitedvids,1,1
00935468030cad93256000005c63320f,118114639.1550004736,ora_unlimitedvids,1,1
00366c6c030ca1ace9d500005c5a1083,751700830.1549406328,ora_unlimitedvids,1,5
02be33ac030ca5d2f53d00005c50d6e9,888400237.1548801761,ora_unlimitedvids,0,4
02f303fc020ca18a9f2e00005c3a3e69,117091384.1547066674,ora_unlimitedvids,0,1
03760450030ca56ae03900005c63e27f,900064381.1550049904,ora_unlimitedvids,1,1
012db260010ca289114600005c63fa24,703643511.1550055922,ora_unlimitedvids,1,5
050f9a38020ca8aaf9ed00005c51b059,637238270.1548857407,ora_unlimitedvids,1,5
05ab77c8030cae3e66ac00005c3662db,586569179.1547068076,ora_unlimitedvids,1,7
01cb9908020ca272a99700005c4b0790,532419265.1548420889,ora_unlimitedvids,0,2
02ebe6e4010ca4cf6c9600005c41ba5e,973018468.1547811405,ora_unlimitedvids,0,1
026dc444010ca4611b1b00005c422ff1,308539846.1547841469,ora_unlimitedvids,1,3
05bb4af4010cadbd98c300005c655969,179603798.1530473325,ora_unlimitedvids,1,6
02183970030caeb649dc00005c6565e3,806955406.1550149081,ora_unlimitedvids,1,1
059f3e7c010ca39044ec00005c52fc50,308497243.1548942409,ora_unlimitedvids,1,4
047abe04010cad5d61de00005c659d6a,336300852.1550163297,ora_unlimitedvids,1,1
031f7c5c030ca2fc796c00005c65d6fc,704334645.1550168195,ora_unlimitedvids,1,4
03f42434020ca7dc703800005c37c0ea,423456013.1547157711,ora_unlimitedvids,1,8
0569f708020ca5aaa8a000005c4a37d2,247021853.1548367817,ora_unlimitedvids,1,12
04fd6cb4020caeb326a300005c379131,927025177.1547145498,ora_unlimitedvids,1,7
00ce9b68020ca6510c0100005c514c23,104966715.1547145054,ora_unlimitedvids,1,2
02ecc208010caf0c9b3c00005c4a6bd9,632701379.1548381131,ora_unlimitedvids,1,18
004ec794020cab750a1300005c625d6e,312795481.1549286515,ora_unlimitedvids,1,3
00f7934c020caf08a31300005c59eab6,1485509695411.46359437321753516,ora_unlimitedvids,1,6
005bf7c0020ca264b9ec00005c6478a2,702707545.1550088224,ora_unlimitedvids,1,1
01f8e714010cad80214800005c530a27,515567207.1548945943,ora_unlimitedvids,1,8
03cdee2c030caa6fe5ec00005c65feec,975172296.1550188248,ora_unlimitedvids,1,1
04035f6c030ca75e9cbe00005c804ad9,198230294.1544617753,ora_unlimitedvids,1,1
00d92e0c010ca03fc1ce00005c4ef62a,617638660.1548678685,ora_unlimitedvids,1,6
010e5bb8030ca378716d00005ce3eaba,910202740.1551632961,ora_unlimitedvids,1,8
056c7f14010ca06ca7b700005cc8387f,808222611.1556625501,ora_unlimitedvids,1,17
05eb161c030ca744132b00005cc830b3,709925189.1555788680,ora_unlimitedvids,1,4
01ad3238010cad5bc66200005c7ad6b1,963110570.1551554173,ora_unlimitedvids,1,8
04617b38030ca966932300005cda905f,592576009.1556998936,ora_unlimitedvids,1,2
059377a4020ca925735b00005cdab64c,778486277.1547741763,ora_unlimitedvids,1,8
04825f88020ca921c58300005c719ed5,331803934.1550950088,ora_unlimitedvids,1,6
05a1fc0c020caf89b8d500005c7ada9b,953397853.1551555217,ora_unlimitedvids,1,1
007cfe0c030ca97e2bc600005c686704,746311805.1548345812,ora_unlimitedvids,1,17
00305764010ca17c9b0000005cd425df,204897907.1557407166,ora_unlimitedvids,1,20
03f7f6b8030ca23f7a8100005c49037b,276921231.1548288851,ora_unlimitedvids,1,11
01bcd558020ca45a9cc800005cdd370c,774676523.1558001404,ora_unlimitedvids,1,19
02b8548c020ca632bcb300005c7bff23,842909943.1551630095,ora_unlimitedvids,1,1
0386f440010ca39daffb00005c7c08b4,597509096.1535029091,ora_unlimitedvids,1,1
05aa8bd8020caa18914800005c63df76,864768766.1548974412,ora_unlimitedvids,0,3
03ad1b70030ca409219300005c7384ef,304184451.1551074523,ora_unlimitedvids,1,3
03981374020cad4b95aa00005c7cdca0,567414657.1551686808,ora_unlimitedvids,1,1
02c45a48030ca9f365f400005c6a762f,833108055.1550480929,ora_unlimitedvids,1,4
0061bcb4020ca99aca6f00005c6a9146,1526580926413.700795911417335,ora_unlimitedvids,1,3
012c6018030caa4ff8d500005c7d1def,628291935.1551703522,ora_unlimitedvids,1,1
010d20e0030ca9e0778d00005c7d25e8,299490215.1551705568,ora_unlimitedvids,1,1
04de6940020ca490f3ca00005c7d3895,751361864.1545761740,ora_unlimitedvids,1,1
00cb3a2c010cab97156b00005c7d6783,155522655.1551722308,ora_unlimitedvids,1,1
00214530010cacffbd7d00005c3f1270,1486366525799.5644447217585267,ora_unlimitedvids,0,2
012a44a4020caec1ed7900005c6879e8,257349804.1550350814,ora_unlimitedvids,0,3
01565d50030ca7dc76f200005c6a945e,992321287.1546629332,ora_unlimitedvids,0,1
0479bc98010cac7ef8f600005c71cd31,333625375.1550836571,ora_unlimitedvids,0,7
03c68358030cace0288400005c77b914,682677783.1539974243,ora_unlimitedvids,0,1
052f8fdc020ca545976500005c7e54dd,581760034.1551783111,ora_unlimitedvids,1,1
02ae01f8030ca933480a00005c7ee677,440705295.1550508230,ora_unlimitedvids,1,1
0463e8b4020ca95b963600005caa3488,205906009.1547592612,ora_unlimitedvids,1,3
042b66b0010ca5561c5200005caa3498,168556929.1551182527,ora_unlimitedvids,1,8
01bd3444010ca86ddeb800005caa4b96,438765205.1554664328,ora_unlimitedvids,1,26
028b2818030ca3d1c87900005caa6c3f,808399108.1554672659,ora_unlimitedvids,1,2
02bb5e48010ca770c31100005ca13c57,449286416.1554033667,ora_unlimitedvids,1,27
0090dad0030ca5656f6200005c67cb74,714784361.1550306153,ora_unlimitedvids,0,2
030724b8030ca4030b2f00005c72657e,289905537.1551000945,ora_unlimitedvids,0,3
01abb5c0010ca69dca9f00005c77e601,752440142.1550871066,ora_unlimitedvids,0,5
048ca600020cad13b2eb00005c814f95,756524124.1551978373,ora_unlimitedvids,1,9
026822dc010ca9e9c22800005ca1b37e,674897074.1554101081,ora_unlimitedvids,1,4
0352972c020ca64b710900005caaf0be,374121618.1554706609,ora_unlimitedvids,1,1
00b926d4020ca577f81b00005ca1f09c,110513034.1554116750,ora_unlimitedvids,1,2
02a10a0c010ca3bf3d4500005cab5c46,767915369.1554734111,ora_unlimitedvids,1,17
00a2f4cc010ca3d22b4600005ca24d27,600161448.1554140351,ora_unlimitedvids,1,4
0323b858020ca53c003900005c4a12ae,1495089139556.20504469378766732,ora_unlimitedvids,0,9
03fde578020ca18871de00005c8632ec,239914833.1548595518,ora_unlimitedvids,0,1
042ef3ac010caff5dc4300005c417194,500202204.1547792755,ora_unlimitedvids,1,10
05588b44030cafbca70400005c66800c,314511599.1550221296,ora_unlimitedvids,1,1
022bfa78020ca6445b6900005c66816d,460063813.1544531810,ora_unlimitedvids,1,8
04033988030ca5da340b00005c4ad334,479961153.1517934317,ora_unlimitedvids,1,7
05ad4ee0020ca26eaa9f00005c6688da,679689288.1550223563,ora_unlimitedvids,1,15
05d2a3e8010ca733273200005c668be7,587792935.1550179429,ora_unlimitedvids,1,3
0205d028020ca35f3c2200005c38756e,964960231.1547203937,ora_unlimitedvids,1,11
01eafaa0010caa5f3f8500005c543912,864913301.1549023473,ora_unlimitedvids,1,16
0348611c020cae24ac2b00005c66b1e7,480846985.1522680059,ora_unlimitedvids,1,1
038304d4030ca5bbfd1800005c66bb02,621566123.1550236304,ora_unlimitedvids,1,1
031d7b14020ca1d7f43300005c3896cf,180847543.1547212475,ora_unlimitedvids,1,20
00d60c7c020ca632f93400005c5d88d2,285138644.1549546413,ora_unlimitedvids,1,12
0512c7e4010ca75700e500005c66c801,148032060.1511077912,ora_unlimitedvids,1,1
027dcfb0030ca1fea36600005c66d43c,975877377.1550242863,ora_unlimitedvids,1,33
01964e10010ca4d6d73d00005c66dbab,504908935.1544747830,ora_unlimitedvids,1,29
03805a04030caec7bc8a00005c38b3a1,1508629994995.2646718791481375,ora_unlimitedvids,1,7
02e687e4030ca5aec74500005c4b2ded,159491956.1548324077,ora_unlimitedvids,1,36
009a888c020cae126b6100005c38bca6,169696547.1547222145,ora_unlimitedvids,1,12
046452f4010ca3f16a6800005c66ff8c,533373711.1550253820,ora_unlimitedvids,1,25
0229d7fc030ca002434f00005c4b4d7f,600354375.1548438898,ora_unlimitedvids,1,36
04c3a614010ca03c530600005c54a2e1,809677636.1549050581,ora_unlimitedvids,1,13
05dc9218020ca08eebd400005c3907e4,214290548.1545211679,ora_unlimitedvids,1,8
00399630020cab42793e00005c675124,667273200.1550274386,ora_unlimitedvids,1,4
028e56f0010ca014e27300005c48bdf1,983479233.1524907461,ora_unlimitedvids,0,10
00f9554c020ca6d9f36700005c67b13a,371567661.1550299440,ora_unlimitedvids,1,1
0098bc00010ca3c6c1ff00005c4c1421,553617913.1548489731,ora_unlimitedvids,1,10
02d5aab4030cad873b4f00005c55605f,628035229.1549099090,ora_unlimitedvids,1,14
03df43ac010ca2edc84b00005c67e5ee,547154767.1549450472,ora_unlimitedvids,1,1
0592a068010caf92f15700005c42faff,349674957.1547381650,ora_unlimitedvids,1,5
02655a5c030ca26b11b300005c42fe7d,627398623.1547894388,ora_unlimitedvids,1,37
003cb568010ca461643c00005c6804de,140216689.1547676674,ora_unlimitedvids,1,4
03709038020ca983dad700005c431e14,195251893.1547902445,ora_unlimitedvids,1,37
026a61dc030ca3f7455600005c43252b,802685015.1547904284,ora_unlimitedvids,1,11
002e77b4020caf5e9bee00005c55c514,467268915.1548099620,ora_unlimitedvids,1,25
00cda488010cad0b4ba100005c55c665,309002313.1549124840,ora_unlimitedvids,1,21
00753578020ca2d755f100005c5f05cd,939564243.1548180484,ora_unlimitedvids,1,16
0493d704020ca5a7ee1b00005c5f0af7,404460886.1544270997,ora_unlimitedvids,1,10
04a0fb14010ca19bbc0f00005c6848d7,766158739.1550324865,ora_unlimitedvids,1,1
031bf0f0010ca9b0e7ee00005c68823d,832429070.1518186836,ora_unlimitedvids,1,6
00bc0b10010ca7f5e67100005c688dbe,178643051.1550355870,ora_unlimitedvids,1,32
01a7f78c010ca147158200005c691409,860947787.1550349693,ora_unlimitedvids,1,4
00ca6b24010ca2b598a300005c6939c6,432979736.1549049751,ora_unlimitedvids,1,2
0397bfdc010ca0a41d0200005c6953d9,714718751.1550406605,ora_unlimitedvids,1,1
057677d0010caddf305800005c6976c6,618739650.1550415550,ora_unlimitedvids,1,1
05a2cd08010ca52bc46f00005c698b1e,812667366.1550420736,ora_unlimitedvids,1,1
0121d544020cac3c45b000005c69a88b,654121293.1550063989,ora_unlimitedvids,1,1
0081dfa8030cab654cc900005c69afee,175528907.1550430179,ora_unlimitedvids,1,1
000c7f38030ca654e6d000005c69e4c6,121707672.1550443705,ora_unlimitedvids,1,1
018d8c44030ca6c74b0100005c5c86d9,893297378.1549007659,ora_unlimitedvids,0,13
01d4f200030ca7329d6a00005c6a93aa,368126149.1550488405,ora_unlimitedvids,1,1
03498e48020cac6b836a00005c6a94c2,447293921.1550488751,ora_unlimitedvids,1,1
02b6a86c010cab53613400005c6ace35,353140004.1550503457,ora_unlimitedvids,1,1
02800a64030cafe9e41700005c4b0f5e,986432976.1548422995,ora_unlimitedvids,1,6
03453ff0020cadb4e92b00005c67a862,838388479.1550297144,ora_unlimitedvids,1,1
02ce59a8030ca487a62400005c67faaa,842923326.1512213818,ora_unlimitedvids,1,6
00112574020ca4377e5100005c4c8228,103435195.1548517866,ora_unlimitedvids,1,7
044022e4030ca3fce39900005c6924a7,952914859.1550394520,ora_unlimitedvids,1,1
04771f74010ca4157cea00005c69e4cb,445019055.1550443601,ora_unlimitedvids,1,1
055b56e4020ca9a7c07a00005c6a96aa,962421366.1550489247,ora_unlimitedvids,1,1
03027bc0010cabd0cb1200005c5304a7,675202968.1548944431,ora_unlimitedvids,0,1
053e3834020ca5b93f9700005c6b9958,716635021.1550555469,ora_unlimitedvids,1,1
0275261c020ca3287a3000005d4ab82f,455240517.1565177307,ora_unlimitedvids,1,12
03df2d04010ca2c71a4500005d35395b,298765739.1563769163,ora_unlimitedvids,1,14
01f65f08020ca7af225000005d47b113,460882192.1564979459,ora_unlimitedvids,1,4
044bc180030caf52c5ae00005d24ab40,765885401.1562684214,ora_unlimitedvids,1,12
0314fa20020cae7bddd500005ca27d80,290283849.1554152795,ora_unlimitedvids,1,6
00938668030ca73b3f5d00005c5dd23a,558009736.1541115301,ora_unlimitedvids,1,6
053b5844030ca56075b400005c4316a5,799657142.1544117247,ora_unlimitedvids,1,8
00f5f8c0020cae9159ca00005c4c7eab,750768256.1548517021,ora_unlimitedvids,1,21
02800cbc030cabc8a73800005c391e43,990497874.1547082011,ora_unlimitedvids,1,9
013712c4020cac9c420c00005c671036,750150465.1550258175,ora_unlimitedvids,1,5
04c8603c030ca14b0b9d00005ccf7877,919771344.1557100601,ora_unlimitedvids,0,5
01f6466c030ca047188000005cd02032,116988897.1557143583,ora_unlimitedvids,0,8
0448a0b8030caa33c98f00005cd5d32c,701808564.1557517090,ora_unlimitedvids,1,1
0182b418030cac4103f300005cd5d834,100434839.1543655454,ora_unlimitedvids,1,3
03f1f0ec020ca351a76e00005cb1f308,383221242.1548092126,ora_unlimitedvids,1,20
00f961cc020cab03207500005cb63961,375642075.1555446023,ora_unlimitedvids,1,19
0581acf4010ca82fcd4d00005cb4ca54,198795855.1545997142,ora_unlimitedvids,1,18
0016fb98030ca8bd156700005cd5a8dc,808385136.1557506254,ora_unlimitedvids,1,4
013b9aec010ca7b135bd00005cb20a8e,914170261.1532276051,ora_unlimitedvids,1,6
0458cc90020ca9d1458700005cd9eeed,956737209.1557786333,ora_unlimitedvids,0,1
02a6a1b0030cab5a853200005c7a94e2,283189769.1551537365,ora_unlimitedvids,1,1
045678dc010ca9ee1a3400005c7aa509,414507719.1551541498,ora_unlimitedvids,1,5
05878c78010cafbde7e200005cb11092,1523101534382.5808583439584043,ora_unlimitedvids,1,24
02f57434030cab7a44ac00005c835227,983434338.1552092154,ora_unlimitedvids,1,30
04185b4c020ca95362c200005c716c9c,121209746.1550937234,ora_unlimitedvids,1,4
05876d38030ca72e311200005c717287,497537400.1550938745,ora_unlimitedvids,1,7
03b0c3c4020ca0fd563700005c7ab9c4,168345235.1511363768,ora_unlimitedvids,1,13
0571ec88010ca51f1e0c00005c7ac4af,591663990.1551549578,ora_unlimitedvids,1,5
003afc64020ca2728ef200005c7ac53f,811364518.1551549752,ora_unlimitedvids,1,2
031a83b4010ca14b8e9c00005ccae6c3,498584472.1556801199,ora_unlimitedvids,1,21
04811da8030ca84c00b400005c40f7b0,560932953.1513537736,ora_unlimitedvids,1,2
032ff4c4010ca82a79af00005c4d75e6,654766150.1542730891,ora_unlimitedvids,1,2
01dde568030cad009baa00005c4dc4df,487130836.1548600492,ora_unlimitedvids,1,1
03cbcbb0030ca264df9700005c50daff,295486746.1548802797,ora_unlimitedvids,0,2
010788d8010caa3af51700005c7fca39,970774723.1551878704,ora_unlimitedvids,1,3
04bcd7e4030caf6c202b00005c7fce5d,711732557.1551879762,ora_unlimitedvids,1,2
0530852c020ca3bb055100005c893f9b,669621253.1552493407,ora_unlimitedvids,1,1
00f792e8020cad3518bc00005c800a88,601483777.1545919280,ora_unlimitedvids,1,2
05ba3d6c010ca555b6e600005c8976a3,776568862.1552512658,ora_unlimitedvids,1,1
041f8228010ca8495b1e00005c55be30,142799135.1549123046,ora_unlimitedvids,1,3
00886dc8030ca03a675e00005c78064d,357096069.1551369777,ora_unlimitedvids,1,3
03ce56dc020cabf1d8ea00005c40a1f1,793979611.1547739615,ora_unlimitedvids,0,6
01bc1654020cad54428f00005c687ae6,428825952.1549840295,ora_unlimitedvids,0,3
021b3a94030ca3468e2400005c78d84b,622092639.1551423542,ora_unlimitedvids,1,31
0325eec0020ca8d0421400005c82217b,323977428.1552032104,ora_unlimitedvids,1,2
026a9b48030ca2e555b000005c6fbf10,870623962.1550827257,ora_unlimitedvids,1,32
049ac85c010cac2dc77e00005c6fc11a,325623418.1550827768,ora_unlimitedvids,1,16
01acf8cc020cafeed5ff00005c6fe568,384390027.1550837043,ora_unlimitedvids,1,32
05569938030ca153e83300005c793be4,925315281.1551449039,ora_unlimitedvids,1,13
040debd0010ca107152f00005c8bbaf8,790664769.1546874809,ora_unlimitedvids,1,11
029d0394020ca4b3442400005c8bf3fa,614685300.1552675789,ora_unlimitedvids,1,9
01a18c30020cadce992300005c82e51b,103022302.1552082184,ora_unlimitedvids,1,30
00329344030ca772d3f500005c7a4773,759266460.1551443193,ora_unlimitedvids,1,31
0447030c020ca26c8e6100005c8404b8,974512135.1552155800,ora_unlimitedvids,1,26
03ea3794010ca95b630300005c8d5bda,253175749.1530371156,ora_unlimitedvids,1,28
057da230030ca779112200005c8442c0,156561099.1552171700,ora_unlimitedvids,1,5
03c563d8030cac9190c100005c9e000c,579408397.1553858074,ora_unlimitedvids,1,9
036e2b54020ca066c7a000005c716957,903150417.1549571848,ora_unlimitedvids,0,1
0278f2c4030caaa4db4f00005c7ccfb3,926247422.1551683424,ora_unlimitedvids,0,1
02cc8eac010ca58171c000005c8a79cd,1527230498600.876062050548267,ora_unlimitedvids,1,1
033a7d40010caeb60aa400005c8a99a4,763954434.1514543784,ora_unlimitedvids,1,4
04a44e40010cae83ec3f00005c7838fa,665351224.1544211340,ora_unlimitedvids,1,5
04a3acec020ca41dcd3400005c467033,305212899.1548120106,ora_unlimitedvids,0,1
03c27060010caf79b6ed00005c3a088b,937033709.1547141315,ora_unlimitedvids,0,3
000748d8020ca21e595300005c81c785,557220976.1551887246,ora_unlimitedvids,1,6
0165a24c010caae9b71500005c81d0d6,105371641.1552011465,ora_unlimitedvids,1,2
0306db48010ca3aeb75200005c82016e,990447220.1552023906,ora_unlimitedvids,1,5
04aa446c030ca8cf53d500005c78de7b,937025536.1551425063,ora_unlimitedvids,1,10
0284a290020ca2a189c400005c8b6bdb,230465540.1552640969,ora_unlimitedvids,1,13
03a06524030cac4171e000005c823add,758494882.1552038610,ora_unlimitedvids,1,10
046656f8030caacd7b4b00005c8b879e,152354715.1552648083,ora_unlimitedvids,1,1
003e9f40020ca4ad378900005c8b9a87,475938744.1550176520,ora_unlimitedvids,1,3
02d030c0020ca812c69d00005c8bb43c,183591152.1552659505,ora_unlimitedvids,1,11
00602228030cad8b576c00005c8bbd2f,198572561.1552228825,ora_unlimitedvids,1,29
02529a5c020ca465565b00005c8bc931,622112711.1552664847,ora_unlimitedvids,1,8
023d5bb0030cac2e72a800005cd6894b,989562622.1557563712,ora_unlimitedvids,1,5
00819d40030caa51785a00005c6ef22e,707778627.1550774789,ora_unlimitedvids,1,31
025d8b24030ca53c8aad00005c795a48,118939421.1549566120,ora_unlimitedvids,1,4
00af4970030ca010697b00005c8bdf29,184692011.1552670414,ora_unlimitedvids,1,1
002b19fc030ca39c4ada00005c8be96a,262054083.1552673100,ora_unlimitedvids,1,1
0421f648010ca97a4f8b00005c7974f9,698706299.1551463665,ora_unlimitedvids,1,31
00ea7388020ca28738e500005c7995e5,448675029.1547991102,ora_unlimitedvids,1,5
00ac7470020ca6439a7500005c7fa288,716009487.1516651892,ora_unlimitedvids,0,5
0544f91c010cae16195400005c818d2b,659958727.1551994085,ora_unlimitedvids,0,4
04b06dc4010ca3ccafc200005c5c304d,205788253.1549545533,ora_unlimitedvids,0,4
036f56f0010ca2eabbe800005c837e44,285862296.1541873430,ora_unlimitedvids,1,30
0465a7f8030ca24f00e000005c8cea1a,720403769.1552738832,ora_unlimitedvids,1,20
01f1c4e8030cac96719100005c8d053f,803367660.1552745780,ora_unlimitedvids,1,29
02f5687c020ca0d1fc7f00005c8d1324,466156463.1548424434,ora_unlimitedvids,1,5
02f6591c020ca94b1e3400005c83d98c,822447388.1552144730,ora_unlimitedvids,1,2
0071ad2c020ca47bacdd00005c8d1c85,844645354.1552505137,ora_unlimitedvids,1,5
03aba27c010ca722385400005c8d26ed,208067064.1552754404,ora_unlimitedvids,1,1
03850108010ca7b36ab600005c8d3d8b,416592007.1552760191,ora_unlimitedvids,1,1
0291d5dc010caf2168fc00005c8d555b,448592647.1552765637,ora_unlimitedvids,1,3
042add94010caaf1fe7900005c8d68dc,586983319.1552771170,ora_unlimitedvids,1,1
03914c4c030ca0fb468600005c8434ed,938206237.1552168160,ora_unlimitedvids,1,9
029a51bc010cacbca23300005c7b0b93,431189377.1551567753,ora_unlimitedvids,1,8
046a39e4030ca2b96f1c00005c7fd072,389341813.1551880260,ora_unlimitedvids,0,1
0033769c020ca5e31f4800005c9049af,832175491.1552959907,ora_unlimitedvids,0,2
0334eab0010ca9df700900005ca6f881,1524261854588.05876353027654768,ora_unlimitedvids,1,1
01287d90010cafb4b3bc00005ca72b6f,574393250.1554459483,ora_unlimitedvids,1,1
04e9c510010ca4a83df300005c88023f,723214410.1546685941,ora_unlimitedvids,0,1
028090c4020ca4ebdbe900005c7146c8,572108710.1550923497,ora_unlimitedvids,1,4
01e3ec60010cad71419600005c842ffa,113011842.1542012760,ora_unlimitedvids,1,11
023b3b28020cabe88b1900005ca77e11,701913389.1554480647,ora_unlimitedvids,1,1
017cfb40020ca943f7ac00005ca788e6,610706045.1554483374,ora_unlimitedvids,1,1
04fd867c020cad818b7700005ca79430,595913944.1554486309,ora_unlimitedvids,1,5
03187cf4020ca38cb94200005c9e7c5d,530401877.1551789954,ora_unlimitedvids,1,26
0086d65c030ca2195b0200005ca7adae,681766612.1554492820,ora_unlimitedvids,1,8
00c23e2c020caac07d3100005c9e9822,988608424.1553897497,ora_unlimitedvids,1,3
031313cc030ca918c6a000005ca872ce,747216670.1554543301,ora_unlimitedvids,1,8
01d1df48010ca7ca250f00005ca877c1,246311861.1554544397,ora_unlimitedvids,1,2
01944ad4030ca634e13000005c9f4c5b,232529519.1553600982,ora_unlimitedvids,1,26
01eb8d1c030ca5b2085500005ca8b41a,493616455.1553959567,ora_unlimitedvids,1,1
0246ba20010cae48b29f00005ca8b423,864484567.1554560024,ora_unlimitedvids,1,10
02534bb4020cac8a3c5800005c9fa014,399926750.1553965063,ora_unlimitedvids,1,27
035f84f0020ca7bcdde300005ca8d63a,588343887.1554568750,ora_unlimitedvids,1,1
052b14fc020cad35979f00005ca8f970,252058792.1544061278,ora_unlimitedvids,1,1
02e6b408010ca81159c400005ca8fed5,198294834.1554579104,ora_unlimitedvids,1,7
04333a98030ca6f0469000005ca91ebf,816189663.1554587318,ora_unlimitedvids,1,1
050b809c020ca5a82d9c00005ca9226b,771993162.1554588171,ora_unlimitedvids,1,8
02a4ebcc010ca599d0c000005c765ca2,571915805.1551260816,ora_unlimitedvids,0,1
03041e80030caf6c743200005c76cd7a,794285755.1551289710,ora_unlimitedvids,0,6
046e98a4030cab68877500005ca9d5b3,710233599.1554634138,ora_unlimitedvids,1,8
05cf81f4020ca20c5f1f00005ca9ff7e,281616860.1552375443,ora_unlimitedvids,1,3
02926920010cad17961200005ca0ceec,985915424.1554042594,ora_unlimitedvids,1,12
0202a470010ca6e4063f00005caa126e,502705020.1507062419,ora_unlimitedvids,1,1
054d57b0020ca88a967e00005caa1556,269878892.1554650421,ora_unlimitedvids,1,4
02c76d64010cabc6bf0000005ca0e45f,511795417.1554048019,ora_unlimitedvids,1,2
0542cae8010ca63338d200005ca0e86f,950884766.1554049122,ora_unlimitedvids,1,12
04b4ae0c010ca0ad88f400005ca37b1b,132301228.1554217733,ora_unlimitedvids,1,5
02771184010ca54154cc00005c80b847,980733185.1548622208,ora_unlimitedvids,1,1
0324c644010ca57097df00005c77c085,696140879.1551351921,ora_unlimitedvids,1,2
0568d3a0030caf28675100005c8113eb,1526077219460.76527372864075,ora_unlimitedvids,1,1
04409e54020ca1e85dda00005c72b6be,272212319.1544253801,ora_unlimitedvids,0,1
035780fc020ca2f76d5600005c79493f,394833501.1551452451,ora_unlimitedvids,1,4
04a322a4010ca3ee32ed00005c828ffa,356425751.1547464560,ora_unlimitedvids,1,1
054227a0030cae6702cc00005c82ab32,617094063.1552067369,ora_unlimitedvids,1,1
059717c4020ca711ab6600005c82d11f,643157319.1552077071,ora_unlimitedvids,1,1
0552e84c010cac78e99c00005c79a3a9,538430373.1549404412,ora_unlimitedvids,1,2
0022eaac020ca941d5d300005c619ac2,823402403.1549900397,ora_unlimitedvids,0,6
02cda33c020ca10e9a4700005c655f52,135458361.1549568714,ora_unlimitedvids,0,12
016174c4020ca553246b00005c6a8a67,751548895.1549447232,ora_unlimitedvids,0,6
008a77a8030ca8a4097400005c6cd850,146148156.1550606118,ora_unlimitedvids,0,5
0565813c010ca2aab7a200005c8bcd22,410806813.1552665876,ora_unlimitedvids,0,2
0459f700030ca96c340100005c9103c5,750807021.1553007539,ora_unlimitedvids,0,14
0233e88c020cab791c6500005c643489,753733778.1546945456,ora_unlimitedvids,0,2
02d7b110030ca8a9dea900005c3f18a9,213706349.1547638918,ora_unlimitedvids,1,1
03529b78010cae30bad700005c3f69f9,462347558.1547659757,ora_unlimitedvids,1,1
02594758030caafb08e200005c39f5da,954435379.1543266244,ora_unlimitedvids,0,4
0327bd40010ca341a77600005c368644,158060881.1547076959,ora_unlimitedvids,1,2
0013a614020ca9b2de5400005c37a012,956565190.1546342529,ora_unlimitedvids,0,1
05b44c54010cad17e08f00005c386cc5,230490481.1547201664,ora_unlimitedvids,1,5
009076d0020cab74cf1f00005c388ae7,967739820.1546811142,ora_unlimitedvids,1,4
0261e214010ca590e14300005c41e282,601270610.1547821675,ora_unlimitedvids,1,1
00cabf84020ca4310cc200005c42006b,410034968.1547829329,ora_unlimitedvids,1,1
002de218030ca25b131c00005c422c0f,453377011.1515447163,ora_unlimitedvids,1,1
013d0c74010ca3c6800500005c4239e4,388641928.1528456022,ora_unlimitedvids,1,1
00d343fc030ca52f8d4200005c423c90,670018209.1541673161,ora_unlimitedvids,1,1
03227934010ca2b37cd700005c431115,291883207.1547899150,ora_unlimitedvids,1,1
046cf4b8020ca428836500005c35b61c,524242158.1547023847,ora_unlimitedvids,1,1
05eacbe4020ca94600c200005c35dec2,1856966319.1481831803,ora_unlimitedvids,1,1
02b20b90020ca5d8338300005c364577,388310204.1547060567,ora_unlimitedvids,1,1
032b8e98020caf2fa88100005c3c47cc,869224068.1543926254,ora_unlimitedvids,1,1
0111b45c020ca7920e8200005c3cda9a,167829854.1547481635,ora_unlimitedvids,1,1
000cac88030ca763a74f00005c3ceb41,439342054.1547496247,ora_unlimitedvids,1,1
027ce35c010caac7248600005c3e6ae7,1489524277662.024109061281552435,ora_unlimitedvids,1,1
04a2d2f4010ca92acc7800005c9d0c55,109226116.1553796158,ora_unlimitedvids,1,1
00cdcb34030ca09863ff00005c9d0f1c,560374923.1553796882,ora_unlimitedvids,1,1
05c4f464030cab53691f00005c9d0f5c,805994703.1553796947,ora_unlimitedvids,1,1
02894f0c030ca0905a5100005c9d2fff,685055563.1551185975,ora_unlimitedvids,1,1
0473f54c010ca5093c0e00005c9c90df,172541098.1553764553,ora_unlimitedvids,0,1
0094f278030caaf1b7a300005c9e646c,580956391.1553884257,ora_unlimitedvids,1,1
023d55d4020ca648ed5900005c9e797e,455777104.1553889653,ora_unlimitedvids,1,1
02f542fc010cad943ff200005c4738d4,145700082.1547064676,ora_unlimitedvids,0,4
020b7a28010ca1fad5d600005c7b05d6,780450585.1551566285,ora_unlimitedvids,1,3
04329944010ca002d0a600005c9ed3d4,709092280.1553912773,ora_unlimitedvids,1,2
01342910010ca26d4f9800005c9f6424,929430844.1553949715,ora_unlimitedvids,1,2
00cd9934010ca118ac4400005c9f9ae6,932946064.1553963724,ora_unlimitedvids,1,1
019fc7d8020ca77664d300005c49fd6d,1498555622054.21462645032443106,ora_unlimitedvids,1,6
03b4b650010ca54a5c0a00005c6b0e2b,665523391.1550519826,ora_unlimitedvids,0,2
0056fa04030ca87dd6da00005c6de605,460829058.1550706148,ora_unlimitedvids,0,1
0115c5c4020caca19d0800005cdbf7ee,425024532.1557919705,ora_unlimitedvids,1,19
049251f4020ca2544e8200005cd2e51a,998929996.1557325006,ora_unlimitedvids,1,3
04fca6a8010ca8ba1cc800005cc05c2c,301282532.1556110304,ora_unlimitedvids,1,22
04f12044030ca2c8142100005cbd8fd3,200402082.1555926980,ora_unlimitedvids,1,23
0086d8b4020cac4a047900005cc98c67,708362831.1556712535,ora_unlimitedvids,1,21
0508e6fc020cab61151300005c37514c,778093116.1547128828,ora_unlimitedvids,1,1
0087ce68020ca2e0c82700005c37957f,495032470.1547146612,ora_unlimitedvids,1,1
039fcfec010ca8aa6df200005c37c290,821904737.1547158149,ora_unlimitedvids,1,1
023e4f0c020ca874bfa000005c37cd9d,1529076528619.17584454685334505,ora_unlimitedvids,1,1
00d77f30030caa869e3200005c37fa31,808666035.1547172382,ora_unlimitedvids,1,1
00f111ac030caec5207800005c387b96,811499183.1543255387,ora_unlimitedvids,1,1
0348a12c020cab2b3fcb00005c3922a1,668302180.1547248119,ora_unlimitedvids,1,1
04f6800c020cab1a76a500005c4f2047,798394012.1548689458,ora_unlimitedvids,1,1
05a12d04020ca34583da00005c4f3c25,954684968.1548696606,ora_unlimitedvids,1,1
016aa3f0010ca605ddeb00005c4f3d9c,1746437275.1482063326,ora_unlimitedvids,1,1
045a7914020caa380c5500005c4feff8,457475652.1548742639,ora_unlimitedvids,1,1
005bf4a0020ca94148a200005c502c38,608787145.1548700388,ora_unlimitedvids,1,2
00f0ddb8020caf682daa00005c508032,200380855.1548779534,ora_unlimitedvids,1,1
0510f194020ca6d1bdb000005c4f38c3,346432437.1548695738,ora_unlimitedvids,1,1
04924448020caa3ae96b00005c4f4460,1523391346189.6124118173588784,ora_unlimitedvids,1,2
02a5c880010caaf3800f00005c4f7058,414496715.1548709826,ora_unlimitedvids,1,1
00db7fcc020ca019440000005c500005,691236798.1548746744,ora_unlimitedvids,1,1
0309dec4020ca4bb56be00005c509b41,545841282.1548786461,ora_unlimitedvids,1,1
02d0625c020ca5228a3600005c50bf32,525248602.1548716248,ora_unlimitedvids,1,1
03fec100010cae5aed6f00005c51c8de,676830327.1523721195,ora_unlimitedvids,1,1
0107c30c010cae12b6f500005c521a8b,329528512.1548884568,ora_unlimitedvids,1,1
04113e98010ca188459100005c764945,741107744.1546940881,ora_unlimitedvids,1,1
00e35e40030ca41795db00005c76a5d2,222058915.1547198343,ora_unlimitedvids,1,1
05d1a4d4030ca6dc462300005c76e178,813215397.1551281133,ora_unlimitedvids,1,1
015f90c8030ca0c4117900005c4f7166,359120305.1548710226,ora_unlimitedvids,0,1
02640b98010caa76de1300005c5bffce,391961942.1535119097,ora_unlimitedvids,0,2
056e0168010ca717626b00005c780c58,843757307.1551371344,ora_unlimitedvids,1,1
0212a2f8030ca6fdea1400005c784a7f,792666489.1539430710,ora_unlimitedvids,1,1
023e8a08010caf40264900005ca0a8cd,148060715.1553989661,ora_unlimitedvids,1,1
05a8a264020cac35c3a800005ca10cbb,164980194.1554058394,ora_unlimitedvids,1,1
04f5252c030cac1ca99e00005ca1bfdd,740332133.1554104274,ora_unlimitedvids,1,1
03e58604030cad40574900005cb0d283,396982733.1555092072,ora_unlimitedvids,1,1
04f63700010caaefb4df00005cb1617a,658931252.1555128651,ora_unlimitedvids,1,7
01e114a4030cafc22bd900005ca0cae6,773996065.1543339983,ora_unlimitedvids,1,1
01f0bf94030ca4078e7f00005c6eaf99,723090552.1550757773,ora_unlimitedvids,0,1
03eb6010030ca7787b8100005cb0d61b,394811250.1521224104,ora_unlimitedvids,1,7
035e74ac020ca80386d300005c83ed3a,637175182.1552149808,ora_unlimitedvids,1,5
00b18f14010ca835483d00005cb0d724,261408717.1533739202,ora_unlimitedvids,1,7
04bb6274010caef1359500005cb208f6,713334204.1555170995,ora_unlimitedvids,1,1
00d7f014030ca86b963800005cb20c45,388774611.1555172352,ora_unlimitedvids,1,7
056f76d8030ca022d49200005cb21c94,497385410.1544783109,ora_unlimitedvids,1,25
04b08ca0020ca600081d00005cb249c8,208180681.1555188150,ora_unlimitedvids,1,16
019663f0010caae0a15d00005ca32502,987815397.1553961721,ora_unlimitedvids,0,19
00e04ea8020ca29358d700005ca785b3,294680228.1554482599,ora_unlimitedvids,0,8
04f3696c020caa4477ca00005c682828,741841575.1550329880,ora_unlimitedvids,0,4
05a2bc3c010ca827010800005cb33644,318862102.1555248695,ora_unlimitedvids,1,1
01beb8f0020ca617f38b00005cb34999,397630271.1555253647,ora_unlimitedvids,1,3
01ede454030ca5c5282800005cb34a8e,822094557.1555253894,ora_unlimitedvids,1,23
029852cc010ca5bbbdec00005cb3571b,656955972.1555257088,ora_unlimitedvids,1,17
02db1f30030ca5d1272100005cb374ef,364541854.1555152484,ora_unlimitedvids,1,25
04d0ced4010ca637042700005cb39aeb,490297623.1544916682,ora_unlimitedvids,1,9
03a92f24010cad73f7eb00005c8ccdd4,752818333.1552731591,ora_unlimitedvids,0,1
023a25d0020ca5e9425800005cb43a95,778854109.1555315236,ora_unlimitedvids,1,4
01257050020ca3e1ddaf00005cb481f8,399945690.1554637283,ora_unlimitedvids,1,1
047920bc020ca262218200005cb49130,112299313.1544774319,ora_unlimitedvids,1,6
055da714020ca482202800005cb49a60,599322685.1547276037,ora_unlimitedvids,1,4
027e2280020ca65ee64d00005cb4aa4c,505625377.1555343926,ora_unlimitedvids,1,4
05cbe29c020cabed02fc00005cbf362d,318825115.1556035105,ora_unlimitedvids,1,12
02875918010cad5ac01900005c9a5636,113423609.1538483397,ora_unlimitedvids,1,18
0560ae14030ca09bb49400005cbf3704,280241638.1556035324,ora_unlimitedvids,1,1
059861d8030ca112d43a00005cb61a18,649605005.1555438072,ora_unlimitedvids,1,2
010b28f8030ca2f32d6800005cacf2cd,495651127.1520596106,ora_unlimitedvids,1,15
024a2e1c030ca996bb1800005cb6313a,191646925.1549905247,ora_unlimitedvids,1,15
04f618ec010ca6a90b0900005cbf7027,446331410.1556049783,ora_unlimitedvids,1,1
0537a564010caeab45b400005cacfdbd,944353710.1554840970,ora_unlimitedvids,1,4
0489e6e0020ca01e991c00005cbf9c6c,138143694.1556047224,ora_unlimitedvids,1,22
02903a24030ca0f5ded700005cbfa6f2,1514286549175.7681524274483951,ora_unlimitedvids,1,1
01fb303c020ca89e489b00005cb7341c,222320878.1555510280,ora_unlimitedvids,0,12
022e4d00030ca497491100005cbfff5a,757014003.1556086598,ora_unlimitedvids,1,1
001a3ba0030cae1b276800005cc0079f,730972160.1556042019,ora_unlimitedvids,1,5
001d6adc010caab58cac00005cc04c22,101245779.1556106263,ora_unlimitedvids,1,1
0392a9e8030caed157e800005c79160c,162160701.1547493365,ora_unlimitedvids,1,1
035b996c010cab7627c200005c793adc,577354237.1551448760,ora_unlimitedvids,1,1
0507dc30010cac46959100005c79488f,879747119.1551452270,ora_unlimitedvids,1,1
03833cb0020ca1d7e47500005c797fb8,861618388.1551466413,ora_unlimitedvids,1,1
03cdceec020ca56e7a3200005c74df5e,597410114.1549871117,ora_unlimitedvids,0,1
04ccd540020caf826f3e00005c77fd59,891006621.1551367493,ora_unlimitedvids,1,1
02acf59c020ca1e8e6da00005c793f3b,280804363.1551449901,ora_unlimitedvids,1,1
02c62fd0030ca069648500005c7969e8,295593633.1551460818,ora_unlimitedvids,1,1
00ba633c030ca35f3a8800005c797388,224090370.1551463295,ora_unlimitedvids,1,1
02bad84c010cae521d4600005c72f310,250088708.1551037190,ora_unlimitedvids,0,1
02bfd8c4010caa2393d900005cc4c629,857126152.1556399643,ora_unlimitedvids,1,3
04d0303c030ca0ba6a6200005cd29d74,596270686.1551976263,ora_unlimitedvids,1,8
02a2ca7c030ca169316b00005cd9a261,127016522.1557766731,ora_unlimitedvids,1,2
052f1e30030ca6ddec2600005cd96c88,441634866.1557752937,ora_unlimitedvids,1,20
018dafd0020ca58f392a00005cd072b8,223041312.1557164716,ora_unlimitedvids,1,16
0125e710030ca98da18f00005cc284b4,266404968.1556251817,ora_unlimitedvids,1,5
0460a71c020ca89746ca00005ccbe7c8,261003901.1556867002,ora_unlimitedvids,1,22
006a4f3c010ca65d60eb00005cc229de,940507686.1554495228,ora_unlimitedvids,1,8
044abf4c030ca8842ce900005cddb667,554011273.1555625211,ora_unlimitedvids,1,2
039c6de8020ca901b53200005cc205a4,838277363.1556219260,ora_unlimitedvids,1,5
00409ca0030cabb049d300005cc2028b,311697539.1510688481,ora_unlimitedvids,1,5
0565318c020caed54d6300005cddbf7a,800970545.1558036322,ora_unlimitedvids,1,1
00a373c0030caa0aad6100005cddb25f,229884556.1558032972,ora_unlimitedvids,1,13
03c749c8010cabe11cb800005cddd775,125669022.1558042462,ora_unlimitedvids,1,12
0592dfb0020ca1600a3a00005cd49834,714765054.1542724982,ora_unlimitedvids,1,4
04cb8938030ca6bd06f300005cdecefb,113996370.1558105799,ora_unlimitedvids,1,2
0034ea18020ca7a26e3100005cd4bb6c,728513575.1555240024,ora_unlimitedvids,1,16
02d1fe14030ca5544bf900005cddde28,558066578.1558044182,ora_unlimitedvids,1,1
02b92e84020ca976fcf500005cd06f81,334702128.1549835532,ora_unlimitedvids,1,20
0026d180030ca560103a00005cbc7c43,627508489.1555605121,ora_unlimitedvids,1,19
045b3c00010ca5de3c9a00005cdaddc8,332042817.1541016138,ora_unlimitedvids,1,2
00d9fe40010ca4c2728b00005cda6825,206122957.1530599251,ora_unlimitedvids,1,1
05856740030caa03bdf700005cd4771c,870926254.1557427658,ora_unlimitedvids,1,4
05c30190030ca4854d1d00005cc2dd94,388514522.1543621720,ora_unlimitedvids,1,12
006159e0030ca92a076700005cbc6409,784590962.1555850238,ora_unlimitedvids,1,11
044541d4030ca67f634200005cc4da77,729798236.1556404836,ora_unlimitedvids,1,3
032888c4010cae5ad28500005cdd9fea,772177934.1558028207,ora_unlimitedvids,1,1
0359bc14020ca03423eb00005cc38fff,506505866.1553691988,ora_unlimitedvids,1,23
02bd6ff8020caa7f1fdb00005cd83414,879476136.1557672962,ora_unlimitedvids,1,1
05bbb084020ca46c3c7500005cbce2b7,299921850.1555882667,ora_unlimitedvids,1,23
03792a90020ca97f164a00005cbc770b,653792579.1555855105,ora_unlimitedvids,1,6
000ea72c030ca1e7adf800005cd5b6f5,821940600.1557509835,ora_unlimitedvids,0,14
006b0f6c010caa98d50400005cd80370,444325382.1557613797,ora_unlimitedvids,1,2
01a7a840030ca891952800005cb9e62b,843867190.1555686945,ora_unlimitedvids,1,7
03c77e20010ca37dc92d00005cb9f874,574849333.1553614118,ora_unlimitedvids,1,24
03492728020cabba96bb00005cba155f,924266391.1555699018,ora_unlimitedvids,1,3
0038651c030caa6a002300005cba1f96,306082952.1555701641,ora_unlimitedvids,1,7
01f9b93c020cab65ac2b00005cba4fa6,870626797.1555134534,ora_unlimitedvids,1,1
04100eb0030ca07e4f2100005cd01eb6,304915810.1533639936,ora_unlimitedvids,1,2
0316ce7c030ca29af35900005cd028ba,663436826.1557145774,ora_unlimitedvids,1,1
05944968030caf9fa63b00005c9ffa08,608088952.1553965726,ora_unlimitedvids,0,7
033c6330030ca67ebd5e00005cd304c3,871490705.1557333143,ora_unlimitedvids,0,1
01e44b4c030ca22d5e0000005cd7cef7,499530443.1557647083,ora_unlimitedvids,1,1
02173674010ca4b9613a00005cd87652,412362538.1557689870,ora_unlimitedvids,1,1
0149487c030ca7a2a30b00005cbb484d,460711578.1518213137,ora_unlimitedvids,1,15
05396cdc020ca92c41f400005c5edcfb,1492726174636.43030007658887626,ora_unlimitedvids,1,1
043bc2f8010cae4fcc7700005c5ee1fb,704886507.1549722096,ora_unlimitedvids,1,1
04ab3188020ca09e6d0000005c4c753d,576453478.1548514342,ora_unlimitedvids,1,3
00cdc9a4030cab80776e00005c349721,333790423.1546950420,ora_unlimitedvids,1,1
053677d4020cae19c6ef00005c5815ce,128221193.1549276602,ora_unlimitedvids,1,1
01fbabac020cad66caaf00005c583d96,185556597.1549286793,ora_unlimitedvids,1,2
049e34ec010ca475d24c00005c587ae1,296194689.1549302484,ora_unlimitedvids,1,1
00567d04010ca40b056d00005c5893c7,323958920.1549308632,ora_unlimitedvids,1,1
047c3248020ca12b0ba500005c431dbd,795084402.1547902359,ora_unlimitedvids,0,1
01e176b0020caa12335300005c59c87e,761685570.1548346404,ora_unlimitedvids,0,1
045ed770010ca86f164800005c5adda5,878703131.1549458844,ora_unlimitedvids,1,1
04e82da4030cadccdf9900005c5d51f8,256071785.1549619684,ora_unlimitedvids,1,1
02585140030ca11e56c300005c546511,150930040.1549034719,ora_unlimitedvids,1,2
03ae9338030ca66b92a400005c38dcc0,709939366.1547230338,ora_unlimitedvids,0,3
055bae00020ca78863b300005c596a9e,958896313.1545645998,ora_unlimitedvids,1,1
03d14d10010ca8582bea00005c5ab76b,697729807.1549449022,ora_unlimitedvids,1,1
04e2dbec020ca0704fb000005c5b4ca4,907273416.1549487217,ora_unlimitedvids,1,1
000b6fbc010ca487791900005c39b36e,1528138305350.9402429320278227,ora_unlimitedvids,0,3
02680464030ca427487d00005c5c56ce,404651143.1549555373,ora_unlimitedvids,1,1
027910d8030ca9b213a400005c5dc29b,951318710.1549648465,ora_unlimitedvids,1,1
006aba44010ca31e356f00005c7478b4,229903086.1551136932,ora_unlimitedvids,0,11
0375d4a8030ca197889f00005cadd6c6,278723888.1545543974,ora_unlimitedvids,0,1
02cded10010ca6fa9aab00005cc2bc9c,103527569.1556266126,ora_unlimitedvids,0,2
02d5e1c8010caed6d16700005cc3af79,614417594.1556328301,ora_unlimitedvids,1,1
00205814020cad06f71800005cc3bd42,406811687.1548254754,ora_unlimitedvids,1,6
005035fc030ca69362ea00005cc44728,267162947.1556367086,ora_unlimitedvids,1,4
04c699f0020ca88e4dfd00005cc45bb6,310976766.1556372394,ora_unlimitedvids,1,3
03c585d4010cae78068f00005cc47e21,742161918.1556381201,ora_unlimitedvids,1,1
01450064020ca373fd9300005cc484fd,829726328.1556382957,ora_unlimitedvids,1,5
029027c8030ca0fd903500005cbb7b42,430137788.1555790624,ora_unlimitedvids,1,4
03c177f0010caac078f300005cc4b6f7,835413771.1556395744,ora_unlimitedvids,1,20
00c94f8c020caf4191e400005cc4e2d3,745267073.1555591583,ora_unlimitedvids,1,1
0433b1bc030cae7c6ef300005cc576ba,1496003777763.7581809519324452,ora_unlimitedvids,1,22
0543ef7c030ca33bd3e200005cbc60b4,255263228.1555849374,ora_unlimitedvids,1,4
05278b84020ca5568a5200005cc5c760,873628297.1556465494,ora_unlimitedvids,1,1
05b73ea0020ca5df1c1300005c6c166d,365565913.1548436276,ora_unlimitedvids,1,1
04d9cf84020ca56235c100005c62b2c9,973335751.1549763796,ora_unlimitedvids,0,1
05155a18030ca9d3a7db00005c6d2577,360058879.1550656872,ora_unlimitedvids,1,1
05545e84020ca918a5f100005c6d8d35,186806464.1550683383,ora_unlimitedvids,1,1
04a1d8f4010cadc32b8000005c6d98fd,380525897.1550686448,ora_unlimitedvids,1,1
04ad0b5c010ca8faea1800005c670fd3,449530620.1549393484,ora_unlimitedvids,0,1
0316f078010ca6ff4bbd00005c6ed8a9,918921679.1550768282,ora_unlimitedvids,1,1
01235fcc010ca62cc82100005c7000e8,943858773.1550844125,ora_unlimitedvids,1,1
01ff41a4030cafa93a4100005c700c2b,189316810.1550846998,ora_unlimitedvids,1,1
01d7f7d4030cae65b3cd00005cc48ee3,587874289.1556384247,ora_unlimitedvids,1,13
006be57c010caf1d04d900005c6d0cb3,820355680.1550650535,ora_unlimitedvids,1,1
039c64ec010ca230a48f00005cf6b66c,594068057.1559672389,ora_unlimitedvids,1,17
05a0bedc010caf69df0400005d11fbdd,819585617.1561459666,ora_unlimitedvids,1,17
04e66d34020ca46b057500005cfe3bfb,114203269.1544705111,ora_unlimitedvids,1,4
002546f8030ca174880300005d129749,312396005.1518704948,ora_unlimitedvids,1,17
0076aa84020ca57ec53000005d0f8324,448282701.1561297688,ora_unlimitedvids,1,18
05bae2a8030ca9ea175200005cf1ab52,740147811.1558559040,ora_unlimitedvids,1,3
02bcc92c010ca0f1b4b800005cd00e44,148780209.1557139003,ora_unlimitedvids,0,4
0112a2a4010ca607106b00005d24e4ad,114949390.1562698603,ora_unlimitedvids,1,8
04fc23cc030caa66fa0f00005d2da2d5,849345935.1563269201,ora_unlimitedvids,1,3
0406f94c010ca2ea536800005d2d7180,944621375.1563259252,ora_unlimitedvids,1,1
02012154010caae374e400005ce3dbb3,640706988.1557420173,ora_unlimitedvids,1,11
0537b950030ca2f3b38600005d069e91,160459721.1560714515,ora_unlimitedvids,1,15
0464027c010ca102cb0e00005cffcf7d,974760823.1560268658,ora_unlimitedvids,1,12
03a84014020ca67ac0e900005d2e0e26,815252980.1563299348,ora_unlimitedvids,1,15
01718f6c010caed587f900005d23ba1b,748898793.1562615094,ora_unlimitedvids,1,2
0121a600030ca63d56e800005ced5178,711601512.1559056677,ora_unlimitedvids,1,17
0219ebd0030ca46c81eb00005d1b651d,395211656.1562075841,ora_unlimitedvids,1,17
019d8acc030cad91f65000005d2d7e97,114943789.1563255399,ora_unlimitedvids,1,15
026b8418010ca7d70c9e00005ced6ced,1494503258768.5017100954428315,ora_unlimitedvids,1,5
01a7ee2c030ca05ee90700005cffca41,994720586.1560267307,ora_unlimitedvids,1,17
00359d64020ca7066dd800005d2e32e3,981601626.1563308759,ora_unlimitedvids,1,15
018c4eb0020cad42f35200005cfa1300,992985137.1559892722,ora_unlimitedvids,1,2
0293a13c030ca66b904a00005ccfd805,773269742.1557125103,ora_unlimitedvids,0,6
059a5c7c020ca779619800005d0ea73b,426119979.1561241389,ora_unlimitedvids,1,15
01dee5a8010cad2d9dbd00005d109897,916838239.1561368707,ora_unlimitedvids,1,12
045624e0010caca29a4300005d21f5ce,875775071.1562506690,ora_unlimitedvids,1,6
00002198030cacf6dfd500005d0f818a,626015836.1561297268,ora_unlimitedvids,1,8
04c906a4010ca62cc4dc00005cfd2e21,736982412.1556809551,ora_unlimitedvids,1,18
033f08ec030ca87c279000005d22006d,575816024.1562509399,ora_unlimitedvids,1,17
05723210010ca92019bb00005cea6f49,474547807.1558867774,ora_unlimitedvids,1,19
0192ea18020ca44572ac00005d348d9b,840117939.1563725204,ora_unlimitedvids,1,6
021a091c030cabe6075800005d066387,511134022.1560699766,ora_unlimitedvids,1,12
055f8e94030ca0341cd900005d34aebc,577651837.1563733571,ora_unlimitedvids,1,2
02f28378020ca28343f600005d336aee,676563662.1563650516,ora_unlimitedvids,1,9
0166bfd8010cab386b2d00005d2b452c,550182943.1562514253,ora_unlimitedvids,1,16
025ed40c030ca812d27c00005d32c8ae,286708673.1563609222,ora_unlimitedvids,1,15
012147dc030ca459c66000005d1f71b9,954571952.1532540089,ora_unlimitedvids,1,3
05895008020cafec694400005cfd7f64,287517354.1560117080,ora_unlimitedvids,1,17
028f6c48010ca590968f00005ce0397f,342013161.1533307547,ora_unlimitedvids,0,2
00c431c8010cae5f1f3800005d1674f8,586737899.1556394258,ora_unlimitedvids,1,7
009fdbd4030ca0237fb300005cfe2088,525163016.1559076546,ora_unlimitedvids,1,16
039156d8030caec2da2c00005d049937,706126814.1560582435,ora_unlimitedvids,1,17
0012ac78020ca63d00b700005d1cdcdd,666368270.1547850030,ora_unlimitedvids,1,3
01976df4010ca8027ebf00005d1328d5,424189295.1561536650,ora_unlimitedvids,1,17
00480f44020cafb8b52600005cbc7f88,128751398.1551993859,ora_unlimitedvids,1,20
0505f898020ca078c94a00005d0b8745,221047835.1561036603,ora_unlimitedvids,1,3
0529e190020ca8482aec00005d15d6ad,669937336.1555339049,ora_unlimitedvids,1,2
044e0fbc020ca8acbedb00005d120a36,732853984.1561463339,ora_unlimitedvids,1,3
01b189f0020cad05cec100005ce8e109,392296973.1558765811,ora_unlimitedvids,1,12
022b4218030ca6a65b5d00005cb4e774,528270304.1555359594,ora_unlimitedvids,1,2
01798ac8020ca1b3106c00005ca5d7f6,524108590.1554372587,ora_unlimitedvids,0,18
04a781c8010ca9c626a300005ca7f7fd,425751350.1554511782,ora_unlimitedvids,0,1
0519c3c8020cad9a530c00005cb53656,241654713.1532277649,ora_unlimitedvids,1,4
02d88d60020ca601fc0400005cb5ca79,338682244.1555417712,ora_unlimitedvids,1,3
0231eb90010cae46f6ea00005cb61721,919104356.1555436305,ora_unlimitedvids,1,1
04ec422c020ca7131e3800005caceccd,196469679.1554836668,ora_unlimitedvids,1,3
0448b440020ca704745400005c8049e0,321346265.1548627264,ora_unlimitedvids,0,1
01276324010ca08b534e00005cb67884,564886127.1553006577,ora_unlimitedvids,1,1
056fec08010ca5d39b6f00005ccb2931,302027800.1556818195,ora_unlimitedvids,1,1
048d0c58030cadce740800005cb07927,940341483.1532594752,ora_unlimitedvids,1,18
054b873c030cab06194500005ccc335a,128089486.1556886337,ora_unlimitedvids,1,5
00804580030cae3b1c6b00005ccc6d37,425218988.1556901140,ora_unlimitedvids,1,1
02a23418030ca0681e1400005ccc8ce1,221403552.1554368976,ora_unlimitedvids,1,3
022e98c8020ca3666a5b00005cc35256,893368361.1556304453,ora_unlimitedvids,1,22
03cdc71c010ca7d276f600005cccb06b,478301868.1556918370,ora_unlimitedvids,1,4
01972c54020ca18114ba00005ca63367,372273492.1554395993,ora_unlimitedvids,0,3
046af244020ca1451da400005caa42e2,533596781.1554662100,ora_unlimitedvids,0,1
0059d094020ca80832ce00005ccd11e1,638981182.1556943276,ora_unlimitedvids,1,1
02800a64010ca19c7a8600005cccaf63,373349477.1556918099,ora_unlimitedvids,1,14
00979f3c020ca466cd2300005ccd9801,945936754.1549107172,ora_unlimitedvids,1,19
00cf2ac4030cacf3eab200005ccdc6c9,598815456.1556989630,ora_unlimitedvids,1,4
01e2d3e8010ca24e26c900005ccdee05,231315935.1556999665,ora_unlimitedvids,1,4
054d0be8010caaa9448b00005cce0459,814946743.1550924236,ora_unlimitedvids,1,4
020f27f4030ca75bca3100005cce2096,139269642.1557012620,ora_unlimitedvids,1,1
03839ebc030cab14f50f00005cb3ac60,395218864.1555278933,ora_unlimitedvids,0,1
0297046c020ca0f3f5e100005cce4be7,305192239.1557023696,ora_unlimitedvids,1,1
0410d458020ca1ca5fac00005cceb27b,880461063.1521388800,ora_unlimitedvids,1,22
03dc479c010ca7806de300005cceb663,310680904.1557045806,ora_unlimitedvids,1,1
058eef18020ca07b043900005ccec195,918770935.1557053833,ora_unlimitedvids,1,1
03118430010ca654a28f00005ccec873,557142146.1542461794,ora_unlimitedvids,1,7
0281039c010caa37505300005ccece32,549166391.1549741336,ora_unlimitedvids,1,1
008fce74030cac272b9600005ccef9ce,224576664.1552570874,ora_unlimitedvids,1,4
01480700020ca4c2859700005ccf1e80,669848046.1557077619,ora_unlimitedvids,1,3
0056c228030ca56573fb00005ccf4c45,585677011.1557089204,ora_unlimitedvids,1,4
03869b30010ca83b90d600005ccf513f,1486511590869.22967106383293867,ora_unlimitedvids,1,4
02122530010ca2c08f7e00005cc62a3b,681562579.1556490329,ora_unlimitedvids,1,5
03ae8b04030ca2e2647200005cbcf376,541893555.1555886954,ora_unlimitedvids,1,16
0286f9c8020ca3fe2c9200005c9e7186,819316203.1553887599,ora_unlimitedvids,0,5
03df34d4010ca3e02d2c00005ccff943,943261703.1557133621,ora_unlimitedvids,1,1
0376aab8020cad1b2a6700005c7fbb3a,719148509.1551874861,ora_unlimitedvids,1,1
034eb954010ca306ee7100005cefb2e1,244197485.1544771859,ora_unlimitedvids,1,16
034f14bc030cab47d61d00005d2d969b,283628067.1563268748,ora_unlimitedvids,1,1
01b3e704020ca5fb88c600005d1cac5e,639978305.1562160196,ora_unlimitedvids,1,17
0128b058020cac9bed7500005cf12eba,547588000.1559170235,ora_unlimitedvids,1,18
055dfef8030ca82d782900005d4d6ba4,661073465.1565354908,ora_unlimitedvids,1,2
021e4004020ca8c9c4ab00005d0c8b63,685873660.1561103182,ora_unlimitedvids,1,18
051454c4030caf3defc900005ce7a00d,863024202.1558683540,ora_unlimitedvids,1,19
0570826c020caa9faf3200005d12981a,868563686.1561499660,ora_unlimitedvids,1,12
01e37668030ca3d9865500005d4c7524,652288362.1565291799,ora_unlimitedvids,1,1
03de2fe4010cacf12bb400005cf956df,933996480.1559844556,ora_unlimitedvids,1,8
0312a540030ca4385a3400005ca384fd,398857482.1554220274,ora_unlimitedvids,0,10
019687e0010ca20910c700005ccf687a,910597730.1556881908,ora_unlimitedvids,1,4